
--- run at 2026-08-11T15:35:55.455925 ---
+12014565945.html	TypeError: Conversation.__init__() missing 1 required positional argument: 'convo_name'
+12014623963.html	TypeError: Conversation.__init__() missing 1 required positional argument: 'convo_name'
+12014623980.html	TypeError: Conversation.__init__() missing 1 required positional argument: 'convo_name'
+12029725711.html	TypeError: Conversation.__init__() missing 1 required positional argument: 'convo_name'
+12029725717.html	TypeError: Conversation.__init__() missing 1 required positional argument: 'convo_name'
+12032907272, +212772138969, +27710466519.html	TypeError: Conversation.__init__() missing 1 required positional argument: 'convo_name'
+12034050233.html	TypeError: Conversation.__init__() missing 1 required positional argument: 'convo_name'
+12057072784.html	TypeError: Conversation.__init__() missing 1 required positional argument: 'convo_name'
+12062400471.html	TypeError: Conversation.__init__() missing 1 required positional argument: 'convo_name'
+12063126074.html	TypeError: Conversation.__init__() missing 1 required positional argument: 'convo_name'
+12067528148.html	TypeError: Conversation.__init__() missing 1 required positional argument: 'convo_name'
+12094210861.html	TypeError: Conversation.__init__() missing 1 required positional argument: 'convo_name'
+12095043011.html	TypeError: Conversation.__init__() missing 1 required positional argument: 'convo_name'
+12132143307.html	TypeError: Conversation.__init__() missing 1 required positional argument: 'convo_name'
+12133765884.html	TypeError: Conversation.__init__() missing 1 required positional argument: 'convo_name'
+12172073033.html	TypeError: Conversation.__init__() missing 1 required positional argument: 'convo_name'
+12177491256.html	TypeError: Conversation.__init__() missing 1 required positional argument: 'convo_name'
+12369789334.html	TypeError: Conversation.__init__() missing 1 required positional argument: 'convo_name'
+12403083430.html	TypeError: Conversation.__init__() missing 1 required positional argument: 'convo_name'
+12403085124.html	TypeError: Conversation.__init__() missing 1 required positional argument: 'convo_name'
+12519996379.html	TypeError: Conversation.__init__() missing 1 required positional argument: 'convo_name'
+12635529023.html	TypeError: Conversation.__init__() missing 1 required positional argument: 'convo_name'
+12672316776, +212631178125, +639085152327, +19173272185.html	TypeError: Conversation.__init__() missing 1 required positional argument: 'convo_name'
+13042122733.html	TypeError: Conversation.__init__() missing 1 required positional argument: 'convo_name'
+13129700454.html	TypeError: Conversation.__init__() missing 1 required positional argument: 'convo_name'
+13203079641.html	TypeError: Conversation.__init__() missing 1 required positional argument: 'convo_name'
+13203133942.html	TypeError: Conversation.__init__() missing 1 required positional argument: 'convo_name'
+13204082179.html	TypeError: Conversation.__init__() missing 1 required positional argument: 'convo_name'
+13204088539.html	TypeError: Conversation.__init__() missing 1 required positional argument: 'convo_name'
+13206201264.html	TypeError: Conversation.__init__() missing 1 required positional argument: 'convo_name'
+13417660284.html	TypeError: Conversation.__init__() missing 1 required positional argument: 'convo_name'
+13855034510.html	TypeError: Conversation.__init__() missing 1 required positional argument: 'convo_name'
+13855631699.html	TypeError: Conversation.__init__() missing 1 required positional argument: 'convo_name'
+14022667045.html	TypeError: Conversation.__init__() missing 1 required positional argument: 'convo_name'
+14064757303.html	TypeError: Conversation.__init__() missing 1 required positional argument: 'convo_name'
+14065103886.html	TypeError: Conversation.__init__() missing 1 required positional argument: 'convo_name'
+14065171915.html	TypeError: Conversation.__init__() missing 1 required positional argument: 'convo_name'
+14072420567.html	TypeError: Conversation.__init__() missing 1 required positional argument: 'convo_name'
+14082182669.html	TypeError: Conversation.__init__() missing 1 required positional argument: 'convo_name'
+14106835818.html	TypeError: Conversation.__init__() missing 1 required positional argument: 'convo_name'
+14128378190.html	TypeError: Conversation.__init__() missing 1 required positional argument: 'convo_name'
+14129807086.html	TypeError: Conversation.__init__() missing 1 required positional argument: 'convo_name'
+14255913603.html	TypeError: Conversation.__init__() missing 1 required positional argument: 'convo_name'
+14422528561.html	TypeError: Conversation.__init__() missing 1 required positional argument: 'convo_name'
+14423558858.html	TypeError: Conversation.__init__() missing 1 required positional argument: 'convo_name'
+14582573340.html	TypeError: Conversation.__init__() missing 1 required positional argument: 'convo_name'
+14704095376.html	TypeError: Conversation.__init__() missing 1 required positional argument: 'convo_name'
+14704694693, +14352293879, +212656223867, +19787159705, +212787035581.html	TypeError: Conversation.__init__() missing 1 required positional argument: 'convo_name'
+14707080507.html	TypeError: Conversation.__init__() missing 1 required positional argument: 'convo_name'
+14752594292.html	TypeError: Conversation.__init__() missing 1 required positional argument: 'convo_name'
+14782427494.html	TypeError: Conversation.__init__() missing 1 required positional argument: 'convo_name'
+14847151149.html	TypeError: Conversation.__init__() missing 1 required positional argument: 'convo_name'
+14848308159.html	TypeError: Conversation.__init__() missing 1 required positional argument: 'convo_name'
+15024161140.html	TypeError: Conversation.__init__() missing 1 required positional argument: 'convo_name'
+15038475475, +639309347578, +639306745731.html	TypeError: Conversation.__init__() missing 1 required positional argument: 'convo_name'
+15078655603.html	TypeError: Conversation.__init__() missing 1 required positional argument: 'convo_name'
+15109494349.html	TypeError: Conversation.__init__() missing 1 required positional argument: 'convo_name'
+15156945221.html	TypeError: Conversation.__init__() missing 1 required positional argument: 'convo_name'
+15512438958.html	TypeError: Conversation.__init__() missing 1 required positional argument: 'convo_name'
+15674278942.html	TypeError: Conversation.__init__() missing 1 required positional argument: 'convo_name'
+15713545259, +15715089158, romit.gurao@icloud.com.html	TypeError: Conversation.__init__() missing 1 required positional argument: 'convo_name'
+15713554651.html	TypeError: Conversation.__init__() missing 1 required positional argument: 'convo_name'
+15715089158.html	TypeError: Conversation.__init__() missing 1 required positional argument: 'convo_name'
+16054502248.html	TypeError: Conversation.__init__() missing 1 required positional argument: 'convo_name'
+16062685972.html	TypeError: Conversation.__init__() missing 1 required positional argument: 'convo_name'
+16093666935.html	TypeError: Conversation.__init__() missing 1 required positional argument: 'convo_name'
+16093755748.html	TypeError: Conversation.__init__() missing 1 required positional argument: 'convo_name'
+16094393601.html	TypeError: Conversation.__init__() missing 1 required positional argument: 'convo_name'
+16094547458.html	TypeError: Conversation.__init__() missing 1 required positional argument: 'convo_name'
+16094643487.html	TypeError: Conversation.__init__() missing 1 required positional argument: 'convo_name'
+16095294476.html	TypeError: Conversation.__init__() missing 1 required positional argument: 'convo_name'
+16098458084.html	TypeError: Conversation.__init__() missing 1 required positional argument: 'convo_name'
+16098744084, +13129700454, +18482295363, +19082555339.html	TypeError: Conversation.__init__() missing 1 required positional argument: 'convo_name'
+16098744084, +13129700454, +18482295363.html	TypeError: Conversation.__init__() missing 1 required positional argument: 'convo_name'
+16098744084, +18482295363, +19082555339.html	TypeError: Conversation.__init__() missing 1 required positional argument: 'convo_name'
+16098744084, +18482295363.html	TypeError: Conversation.__init__() missing 1 required positional argument: 'convo_name'
+16098744084.html	TypeError: Conversation.__init__() missing 1 required positional argument: 'convo_name'
+16099551356.html	TypeError: Conversation.__init__() missing 1 required positional argument: 'convo_name'
+16156396000.html	TypeError: Conversation.__init__() missing 1 required positional argument: 'convo_name'
+16156861821.html	TypeError: Conversation.__init__() missing 1 required positional argument: 'convo_name'
+16263936130, +16199046289, +16015773565, +13017932745, +18636247022, +16019387674, +13473368399, +13175255279, att-spam@cmsms.mobi_TYPE=PLMN, 7728, +14703327809.html	TypeError: Conversation.__init__() missing 1 required positional argument: 'convo_name'
+16282876757.html	TypeError: Conversation.__init__() missing 1 required positional argument: 'convo_name'
+16316495580.html	TypeError: Conversation.__init__() missing 1 required positional argument: 'convo_name'
+16463225847.html	TypeError: Conversation.__init__() missing 1 required positional argument: 'convo_name'
+16463391338.html	TypeError: Conversation.__init__() missing 1 required positional argument: 'convo_name'
+16468530956.html	TypeError: Conversation.__init__() missing 1 required positional argument: 'convo_name'
+16478217058.html	TypeError: Conversation.__init__() missing 1 required positional argument: 'convo_name'
+16509216449, +17323224465, +18042978612, +19162300803.html	TypeError: Conversation.__init__() missing 1 required positional argument: 'convo_name'
+16692840902.html	TypeError: Conversation.__init__() missing 1 required positional argument: 'convo_name'
+16783315287.html	TypeError: Conversation.__init__() missing 1 required positional argument: 'convo_name'
+16784624613.html	TypeError: Conversation.__init__() missing 1 required positional argument: 'convo_name'
+16823106414.html	TypeError: Conversation.__init__() missing 1 required positional argument: 'convo_name'
+16824724584, +19089005829.html	TypeError: Conversation.__init__() missing 1 required positional argument: 'convo_name'
+17025739899.html	TypeError: Conversation.__init__() missing 1 required positional argument: 'convo_name'
+17039912753.html	TypeError: Conversation.__init__() missing 1 required positional argument: 'convo_name'
+17186147315.html	TypeError: Conversation.__init__() missing 1 required positional argument: 'convo_name'
+17198885578.html	TypeError: Conversation.__init__() missing 1 required positional argument: 'convo_name'
+17322087253, +19084162208.html	TypeError: Conversation.__init__() missing 1 required positional argument: 'convo_name'
+17322087253.html	TypeError: Conversation.__init__() missing 1 required positional argument: 'convo_name'
+17322089368, +19083069896, +19085308626, +19084217527, +17326473981, +19082408483, +19082954378, +18482005683, +17328537361, +17326193669, +17327184820, +19083, and 3 others.html	TypeError: Conversation.__init__() missing 1 required positional argument: 'convo_name'
+17322089368, +19083069896, +19089770881, +19085308626, +19084217527, +17326473981, +19082408483, +19086990310, +19089478102, +19082954378, +18482005683, +19085, and 1 others.html	TypeError: Conversation.__init__() missing 1 required positional argument: 'convo_name'
+17322089368, +19085308626, +19084217527, +17326473981, +19082408483, +19082954378, +18482005683, +17328537361, +17326193669, +19083041678, +19086991760.html	TypeError: Conversation.__init__() missing 1 required positional argument: 'convo_name'
+17322089368.html	TypeError: Conversation.__init__() missing 1 required positional argument: 'convo_name'
+17322091113.html	TypeError: Conversation.__init__() missing 1 required positional argument: 'convo_name'
+17322593160.html	TypeError: Conversation.__init__() missing 1 required positional argument: 'convo_name'
+17322666815, +19087458116, +17329127734, +19083072121, +19082406497, +19085308059, +19085308771, +19089631438, +19083069151.html	TypeError: Conversation.__init__() missing 1 required positional argument: 'convo_name'
+17322666815.html	TypeError: Conversation.__init__() missing 1 required positional argument: 'convo_name'
+17323014412.html	TypeError: Conversation.__init__() missing 1 required positional argument: 'convo_name'
+17323060066.html	TypeError: Conversation.__init__() missing 1 required positional argument: 'convo_name'
+17323228940.html	TypeError: Conversation.__init__() missing 1 required positional argument: 'convo_name'
+17323285640.html	TypeError: Conversation.__init__() missing 1 required positional argument: 'convo_name'
+17323621009.html	TypeError: Conversation.__init__() missing 1 required positional argument: 'convo_name'
+17324840581, +19089005829.html	TypeError: Conversation.__init__() missing 1 required positional argument: 'convo_name'
+17324840581.html	TypeError: Conversation.__init__() missing 1 required positional argument: 'convo_name'
+17325014861, +19197143941, +17068332692, +13128981902, +18608366733, +16319055937, +18608305833, +19802548992, +14153502497, +17624186036.html	TypeError: Conversation.__init__() missing 1 required positional argument: 'convo_name'
+17325014861, +19197143941, +17068332692, +13128981902, +18608366733, +16319055937, +18608305833, +19802548992, +14153502497.html	TypeError: Conversation.__init__() missing 1 required positional argument: 'convo_name'
+17326193669.html	TypeError: Conversation.__init__() missing 1 required positional argument: 'convo_name'
+17326473981.html	TypeError: Conversation.__init__() missing 1 required positional argument: 'convo_name'
+17326478121.html	TypeError: Conversation.__init__() missing 1 required positional argument: 'convo_name'
+17326721463, +19082083568, +19088424785, aryav663@gmail.com.html	TypeError: Conversation.__init__() missing 1 required positional argument: 'convo_name'
+17326721463, aryav663@gmail.com.html	TypeError: Conversation.__init__() missing 1 required positional argument: 'convo_name'
+17326721463.html	TypeError: Conversation.__init__() missing 1 required positional argument: 'convo_name'
+17326721792.html	TypeError: Conversation.__init__() missing 1 required positional argument: 'convo_name'
+17326752472, +18623989018, +19089386791, +19085485257.html	TypeError: Conversation.__init__() missing 1 required positional argument: 'convo_name'
+17326752472, +19084179151, avnish.velusamy@icloud.com, +12015154847, +17329718585.html	TypeError: Conversation.__init__() missing 1 required positional argument: 'convo_name'
+17326752472, +19089478969, +19086991760.html	TypeError: Conversation.__init__() missing 1 required positional argument: 'convo_name'
+17326752472.html	TypeError: Conversation.__init__() missing 1 required positional argument: 'convo_name'
+17326904349.html	TypeError: Conversation.__init__() missing 1 required positional argument: 'convo_name'
+17327133476.html	TypeError: Conversation.__init__() missing 1 required positional argument: 'convo_name'
+17327184820.html	TypeError: Conversation.__init__() missing 1 required positional argument: 'convo_name'
+17327549680.html	TypeError: Conversation.__init__() missing 1 required positional argument: 'convo_name'
+17327623199.html	TypeError: Conversation.__init__() missing 1 required positional argument: 'convo_name'
+17327702584, +18623989018, +17329718585, +19089386791, +19089526116, +17325544197, +17323430441, +19087263155, +18482195262.html	TypeError: Conversation.__init__() missing 1 required positional argument: 'convo_name'
+17328536966, +17323228940.html	TypeError: Conversation.__init__() missing 1 required positional argument: 'convo_name'
+17328536966, +19082105156.html	TypeError: Conversation.__init__() missing 1 required positional argument: 'convo_name'
+17328536966, +19083069896, +17323228940, +19087451262, +19088008225, +19089529700, +19083611221, +17322666815, +19087451817, +19085310076, +16162169737, +17328, and 1 others.html	TypeError: Conversation.__init__() missing 1 required positional argument: 'convo_name'
+17328536966, +19083069896, +17323228940, +19087451262, +19088008225, +19089529700, +19083611221, +19087451817, +19085310076, +16162169737, +17328536671, +17328041665.html	TypeError: Conversation.__init__() missing 1 required positional argument: 'convo_name'
+17328536966, +19083069896, +19083739554, +19088012543, gracexy.gu@icloud.com, +18482025916, +19083993650, +19082102885.html	TypeError: Conversation.__init__() missing 1 required positional argument: 'convo_name'
+17328536966, +19083069896, gracexy.gu@icloud.com.html	TypeError: Conversation.__init__() missing 1 required positional argument: 'convo_name'
+17328536966, +19083069896.html	TypeError: Conversation.__init__() missing 1 required positional argument: 'convo_name'
+17328536966, +19083739554.html	TypeError: Conversation.__init__() missing 1 required positional argument: 'convo_name'
+17328536966, +19085308626, +19083069896, +17327184820, +19086369927, +19083739554, +19088012543, +18482025916, +19083993650, +19089527276, +19082102885, +19082, and 1 others.html	TypeError: Conversation.__init__() missing 1 required positional argument: 'convo_name'
+17328536966, +19085308626, +19083069896, +19083739554.html	TypeError: Conversation.__init__() missing 1 required positional argument: 'convo_name'
+17328536966, +19085308626, +19083069896, +19085607789, +19086369927, +19082080325.html	TypeError: Conversation.__init__() missing 1 required positional argument: 'convo_name'
+17328536966, +19085308626, +19083069896, +19087451262.html	TypeError: Conversation.__init__() missing 1 required positional argument: 'convo_name'
+17328536966, +19085308626, +19083069896, +19088012543, +18482025916, +19083993650.html	TypeError: Conversation.__init__() missing 1 required positional argument: 'convo_name'
+17328536966, +19085308626, +19083069896, +19088012543, +19082080325.html	TypeError: Conversation.__init__() missing 1 required positional argument: 'convo_name'
+17328536966, +19085308626, +19083739554, +19082080325.html	TypeError: Conversation.__init__() missing 1 required positional argument: 'convo_name'
+17328536966, +19085308626, +19084582262, +19085308897.html	TypeError: Conversation.__init__() missing 1 required positional argument: 'convo_name'
+17328536966, +19085308626, +19087458116.html	TypeError: Conversation.__init__() missing 1 required positional argument: 'convo_name'
+17328536966, +19085308626.html	TypeError: Conversation.__init__() missing 1 required positional argument: 'convo_name'
+17328536966, +19086369927, +18482295363.html	TypeError: Conversation.__init__() missing 1 required positional argument: 'convo_name'
+17328536966, +19086369927, +19083069896, +19085308626, +19085607789, +19082279319, +19089527276.html	TypeError: Conversation.__init__() missing 1 required positional argument: 'convo_name'
+17328536966, +19086369927, +19083069896, +19085308626.html	TypeError: Conversation.__init__() missing 1 required positional argument: 'convo_name'
+17328536966, +19087451262.html	TypeError: Conversation.__init__() missing 1 required positional argument: 'convo_name'
+17328536966, +19734208718, +19736994882, +19082405344, +19086990491.html	TypeError: Conversation.__init__() missing 1 required positional argument: 'convo_name'
+17328536966.html	TypeError: Conversation.__init__() missing 1 required positional argument: 'convo_name'
+17328537361, +19082408483, +19086991002, +19089663127, +19083811509, +19082954378, +19083041678, +17327184820, +19084212741.html	TypeError: Conversation.__init__() missing 1 required positional argument: 'convo_name'
+17328537361, +19084217527, +19086552574.html	TypeError: Conversation.__init__() missing 1 required positional argument: 'convo_name'
+17328537361, +19084217527, +19739860336, +18482005683, +17322087253.html	TypeError: Conversation.__init__() missing 1 required positional argument: 'convo_name'
+17328537361.html	TypeError: Conversation.__init__() missing 1 required positional argument: 'convo_name'
+17329127734.html	TypeError: Conversation.__init__() missing 1 required positional argument: 'convo_name'
+17329832651.html	TypeError: Conversation.__init__() missing 1 required positional argument: 'convo_name'
+17329865903.html	TypeError: Conversation.__init__() missing 1 required positional argument: 'convo_name'
+17329867851.html	TypeError: Conversation.__init__() missing 1 required positional argument: 'convo_name'
+17348216632.html	TypeError: Conversation.__init__() missing 1 required positional argument: 'convo_name'
+17402989102.html	TypeError: Conversation.__init__() missing 1 required positional argument: 'convo_name'
+17475291797.html	TypeError: Conversation.__init__() missing 1 required positional argument: 'convo_name'
+17606425802.html	TypeError: Conversation.__init__() missing 1 required positional argument: 'convo_name'
+17704030781.html	TypeError: Conversation.__init__() missing 1 required positional argument: 'convo_name'
+17867813680.html	TypeError: Conversation.__init__() missing 1 required positional argument: 'convo_name'
+18024889801.html	TypeError: Conversation.__init__() missing 1 required positional argument: 'convo_name'
+18057101128.html	TypeError: Conversation.__init__() missing 1 required positional argument: 'convo_name'
+18135194351.html	TypeError: Conversation.__init__() missing 1 required positional argument: 'convo_name'
+18145987286, +212696162894, +212651507751.html	TypeError: Conversation.__init__() missing 1 required positional argument: 'convo_name'
+18332363570.html	TypeError: Conversation.__init__() missing 1 required positional argument: 'convo_name'
+18332363571.html	TypeError: Conversation.__init__() missing 1 required positional argument: 'convo_name'
+18334172274.html	TypeError: Conversation.__init__() missing 1 required positional argument: 'convo_name'
+18335042560.html	TypeError: Conversation.__init__() missing 1 required positional argument: 'convo_name'
+18337101331.html	TypeError: Conversation.__init__() missing 1 required positional argument: 'convo_name'
+18338241855.html	TypeError: Conversation.__init__() missing 1 required positional argument: 'convo_name'
+18339030632.html	TypeError: Conversation.__init__() missing 1 required positional argument: 'convo_name'
+18389101371.html	TypeError: Conversation.__init__() missing 1 required positional argument: 'convo_name'
+18402769761.html	TypeError: Conversation.__init__() missing 1 required positional argument: 'convo_name'
+18449083924.html	TypeError: Conversation.__init__() missing 1 required positional argument: 'convo_name'
+18449460698.html	TypeError: Conversation.__init__() missing 1 required positional argument: 'convo_name'
+18449682892.html	TypeError: Conversation.__init__() missing 1 required positional argument: 'convo_name'
+18456091538.html	TypeError: Conversation.__init__() missing 1 required positional argument: 'convo_name'
+18482005683.html	TypeError: Conversation.__init__() missing 1 required positional argument: 'convo_name'
+18482025916.html	TypeError: Conversation.__init__() missing 1 required positional argument: 'convo_name'
+18482097335.html	TypeError: Conversation.__init__() missing 1 required positional argument: 'convo_name'
+18482183742.html	TypeError: Conversation.__init__() missing 1 required positional argument: 'convo_name'
+18482197268.html	TypeError: Conversation.__init__() missing 1 required positional argument: 'convo_name'
+18482295363, +16098744084, +19088429289.html	TypeError: Conversation.__init__() missing 1 required positional argument: 'convo_name'
+18482295363, +17324840581.html	TypeError: Conversation.__init__() missing 1 required positional argument: 'convo_name'
+18482295363, +19083076441, +19089386597.html	TypeError: Conversation.__init__() missing 1 required positional argument: 'convo_name'
+18482295363, +19083076441.html	TypeError: Conversation.__init__() missing 1 required positional argument: 'convo_name'
+18482295363, +19083324981, +19083928031.html	TypeError: Conversation.__init__() missing 1 required positional argument: 'convo_name'
+18482295363, +19083931063, +19083076441, +19089386597.html	TypeError: Conversation.__init__() missing 1 required positional argument: 'convo_name'
+18482295363, +19083931063, +19083076441.html	TypeError: Conversation.__init__() missing 1 required positional argument: 'convo_name'
+18482295363, +19088429289, +19737230071.html	TypeError: Conversation.__init__() missing 1 required positional argument: 'convo_name'
+18482295363, +19089386597.html	TypeError: Conversation.__init__() missing 1 required positional argument: 'convo_name'
+18482295363, ameyav993@gmail.com.html	TypeError: Conversation.__init__() missing 1 required positional argument: 'convo_name'
+18482295363.html	TypeError: Conversation.__init__() missing 1 required positional argument: 'convo_name'
+18482565685.html	TypeError: Conversation.__init__() missing 1 required positional argument: 'convo_name'
+18482702333.html	TypeError: Conversation.__init__() missing 1 required positional argument: 'convo_name'
+18483096248.html	TypeError: Conversation.__init__() missing 1 required positional argument: 'convo_name'
+18485009696.html	TypeError: Conversation.__init__() missing 1 required positional argument: 'convo_name'
+18556206265.html	TypeError: Conversation.__init__() missing 1 required positional argument: 'convo_name'
+18559354770.html	TypeError: Conversation.__init__() missing 1 required positional argument: 'convo_name'
+18559441765.html	TypeError: Conversation.__init__() missing 1 required positional argument: 'convo_name'
+18562963891.html	TypeError: Conversation.__init__() missing 1 required positional argument: 'convo_name'
+18564097727.html	TypeError: Conversation.__init__() missing 1 required positional argument: 'convo_name'
+18564505836.html	TypeError: Conversation.__init__() missing 1 required positional argument: 'convo_name'
+18568983345.html	TypeError: Conversation.__init__() missing 1 required positional argument: 'convo_name'
+18579576846.html	TypeError: Conversation.__init__() missing 1 required positional argument: 'convo_name'
+18602655834.html	TypeError: Conversation.__init__() missing 1 required positional argument: 'convo_name'
+18622703668.html	TypeError: Conversation.__init__() missing 1 required positional argument: 'convo_name'
+18623989018, +19089386791, +19085485257.html	TypeError: Conversation.__init__() missing 1 required positional argument: 'convo_name'
+18623989018.html	TypeError: Conversation.__init__() missing 1 required positional argument: 'convo_name'
+18627014253.html	TypeError: Conversation.__init__() missing 1 required positional argument: 'convo_name'
+18633999975, +212778999041, +212775206907.html	TypeError: Conversation.__init__() missing 1 required positional argument: 'convo_name'
+18645694925.html	TypeError: Conversation.__init__() missing 1 required positional argument: 'convo_name'
+18663435894.html	TypeError: Conversation.__init__() missing 1 required positional argument: 'convo_name'
+18667704466.html	TypeError: Conversation.__init__() missing 1 required positional argument: 'convo_name'
+18667799015.html	TypeError: Conversation.__init__() missing 1 required positional argument: 'convo_name'
+18669255287.html	TypeError: Conversation.__init__() missing 1 required positional argument: 'convo_name'
+18669509393.html	TypeError: Conversation.__init__() missing 1 required positional argument: 'convo_name'
+18669704628.html	TypeError: Conversation.__init__() missing 1 required positional argument: 'convo_name'
+18773124302.html	TypeError: Conversation.__init__() missing 1 required positional argument: 'convo_name'
+18774413313.html	TypeError: Conversation.__init__() missing 1 required positional argument: 'convo_name'
+18776265802.html	TypeError: Conversation.__init__() missing 1 required positional argument: 'convo_name'
+18777348436.html	TypeError: Conversation.__init__() missing 1 required positional argument: 'convo_name'
+18778356517.html	TypeError: Conversation.__init__() missing 1 required positional argument: 'convo_name'
+18778735048.html	TypeError: Conversation.__init__() missing 1 required positional argument: 'convo_name'
+18779385705.html	TypeError: Conversation.__init__() missing 1 required positional argument: 'convo_name'
+18883111029.html	TypeError: Conversation.__init__() missing 1 required positional argument: 'convo_name'
+19082021144, +19715008189, +15418799921.html	TypeError: Conversation.__init__() missing 1 required positional argument: 'convo_name'
+19082028319.html	TypeError: Conversation.__init__() missing 1 required positional argument: 'convo_name'
+19082081636.html	TypeError: Conversation.__init__() missing 1 required positional argument: 'convo_name'
+19082083568, +14124186635.html	TypeError: Conversation.__init__() missing 1 required positional argument: 'convo_name'
+19082083568, +16099551356.html	TypeError: Conversation.__init__() missing 1 required positional argument: 'convo_name'
+19082083568, +19082553809.html	TypeError: Conversation.__init__() missing 1 required positional argument: 'convo_name'
+19082083568, +19088013229.html	TypeError: Conversation.__init__() missing 1 required positional argument: 'convo_name'
+19082083568.html	TypeError: Conversation.__init__() missing 1 required positional argument: 'convo_name'
+19082104570.html	TypeError: Conversation.__init__() missing 1 required positional argument: 'convo_name'
+19082180001.html	TypeError: Conversation.__init__() missing 1 required positional argument: 'convo_name'
+19082401766.html	TypeError: Conversation.__init__() missing 1 required positional argument: 'convo_name'
+19082405138.html	TypeError: Conversation.__init__() missing 1 required positional argument: 'convo_name'
+19082405344.html	TypeError: Conversation.__init__() missing 1 required positional argument: 'convo_name'
+19082405901, +19084212741.html	TypeError: Conversation.__init__() missing 1 required positional argument: 'convo_name'
+19082405901.html	TypeError: Conversation.__init__() missing 1 required positional argument: 'convo_name'
+19082406497.html	TypeError: Conversation.__init__() missing 1 required positional argument: 'convo_name'
+19082408483, +19082954378.html	TypeError: Conversation.__init__() missing 1 required positional argument: 'convo_name'
+19082408483.html	TypeError: Conversation.__init__() missing 1 required positional argument: 'convo_name'
+19082444513.html	TypeError: Conversation.__init__() missing 1 required positional argument: 'convo_name'
+19082553809.html	TypeError: Conversation.__init__() missing 1 required positional argument: 'convo_name'
+19082555339.html	TypeError: Conversation.__init__() missing 1 required positional argument: 'convo_name'
+19082558767.html	TypeError: Conversation.__init__() missing 1 required positional argument: 'convo_name'
+19082749452.html	TypeError: Conversation.__init__() missing 1 required positional argument: 'convo_name'
+19082851734.html	TypeError: Conversation.__init__() missing 1 required positional argument: 'convo_name'
+19082954378, +17326193669.html	TypeError: Conversation.__init__() missing 1 required positional argument: 'convo_name'
+19082954378.html	TypeError: Conversation.__init__() missing 1 required positional argument: 'convo_name'
+19082956753.html	TypeError: Conversation.__init__() missing 1 required positional argument: 'convo_name'
+19083003110.html	TypeError: Conversation.__init__() missing 1 required positional argument: 'convo_name'
+19083007139.html	TypeError: Conversation.__init__() missing 1 required positional argument: 'convo_name'
+19083007835.html	TypeError: Conversation.__init__() missing 1 required positional argument: 'convo_name'
+19083009827.html	TypeError: Conversation.__init__() missing 1 required positional argument: 'convo_name'
+19083041185.html	TypeError: Conversation.__init__() missing 1 required positional argument: 'convo_name'
+19083041678.html	TypeError: Conversation.__init__() missing 1 required positional argument: 'convo_name'
+19083069896, +17322089368, +17328537361, +19084217527, +19082408483, +19739860336, +19082954378, +19083041678, +17327184820, +17326473981, +18482005683, +17322, and 2 others.html	TypeError: Conversation.__init__() missing 1 required positional argument: 'convo_name'
+19083069896, +17322091113.html	TypeError: Conversation.__init__() missing 1 required positional argument: 'convo_name'
+19083069896, +17322666815, +19085308626, +19082408483, +17326193669, +19083324481, +19083811509.html	TypeError: Conversation.__init__() missing 1 required positional argument: 'convo_name'
+19083069896, +17328536671, +19089529700, +19087451262, +19082408483, +17326193669, +17327184820, +19089478436, +19088015698, +19089385651, +16173128076, +19082, and 8 others.html	TypeError: Conversation.__init__() missing 1 required positional argument: 'convo_name'
+19083069896, +17328536966, +18482295363, +19085308626, +19083324981, +19083928031, +19086369927, +12014565945, +19083041185, +17322091113, +19082402126, +19085, and 6 others.html	TypeError: Conversation.__init__() missing 1 required positional argument: 'convo_name'
+19083069896, +17328536966, +18482295363, +19085308626, +19083324981, +19083928031, +19086369927, +12014565945, +19083041185, +17322091113, +19082402126, +19085, and 8 others.html	TypeError: Conversation.__init__() missing 1 required positional argument: 'convo_name'
+19083069896, +17328536966, +18482295363, +19085308626, +19086369927, +12014565945, +19083041185, +17322091113, +17326904349, +18602655834, +19082105156, +19083, and 1 others.html	TypeError: Conversation.__init__() missing 1 required positional argument: 'convo_name'
+19083069896, +17328536966, +18482295363, +19085308626, +19086369927, +12014565945, +19083041185, +17322091113, +17326904349, +18602655834, +19082105156, +19083739554.html	TypeError: Conversation.__init__() missing 1 required positional argument: 'convo_name'
+19083069896, +17328537361, +19082408483, +19739860336, +19082954378, +19083041678, +19082405901, +18482005683.html	TypeError: Conversation.__init__() missing 1 required positional argument: 'convo_name'
+19083069896, +18482295363.html	TypeError: Conversation.__init__() missing 1 required positional argument: 'convo_name'
+19083069896, +18485009696.html	TypeError: Conversation.__init__() missing 1 required positional argument: 'convo_name'
+19083069896, +19082408483, +19082954378, +19086087503, +19083338873.html	TypeError: Conversation.__init__() missing 1 required positional argument: 'convo_name'
+19083069896, +19083041678, +14707080507.html	TypeError: Conversation.__init__() missing 1 required positional argument: 'convo_name'
+19083069896, +19083041678.html	TypeError: Conversation.__init__() missing 1 required positional argument: 'convo_name'
+19083069896, +19083324481, +19715008189, +19084212741, +19082406497, +19089523353, +19086087503, +19086558539, +19085244811, +19083338873, +19089663127, +19083, and 2 others.html	TypeError: Conversation.__init__() missing 1 required positional argument: 'convo_name'
+19083069896, +19083324981, +18482702333, +18482295363, +19083928031, +19088429289, +19088424221.html	TypeError: Conversation.__init__() missing 1 required positional argument: 'convo_name'
+19083069896, +19084217527, +19082954378, +18482005683.html	TypeError: Conversation.__init__() missing 1 required positional argument: 'convo_name'
+19083069896, +19084217527, +19083084642, +19083041678, +17327184820, +18482005683, +17326193669.html	TypeError: Conversation.__init__() missing 1 required positional argument: 'convo_name'
+19083069896, +19085308626, +19082408483, +19082954378, +17326193669, +19083324481, +17327184820, +19083811509.html	TypeError: Conversation.__init__() missing 1 required positional argument: 'convo_name'
+19083069896, +19085308626, +19082558007, +19082401766, aarushi.senjalia@icloud.com.html	TypeError: Conversation.__init__() missing 1 required positional argument: 'convo_name'
+19083069896, +19085308626, +19082558007, +19082401766.html	TypeError: Conversation.__init__() missing 1 required positional argument: 'convo_name'
+19083069896, +19085308626, +19086369927, +19085607789.html	TypeError: Conversation.__init__() missing 1 required positional argument: 'convo_name'
+19083069896, +19085607789.html	TypeError: Conversation.__init__() missing 1 required positional argument: 'convo_name'
+19083069896, +19089663127, +19086558539, +19082406497, +19083324481, +19084212741, +19086087503, +19083338873, +19715008189, +19085244811, +19083338733, +17323, and 2 others.html	TypeError: Conversation.__init__() missing 1 required positional argument: 'convo_name'
+19083069896, +19089770881, +16098364429, +19084217527, +19739860336, +19083084642.html	TypeError: Conversation.__init__() missing 1 required positional argument: 'convo_name'
+19083069896, +19739860336, +19083926724, +17322087253, +19083316904, +17326193669, +19082405138, +19089673599, +14082182669, +19083007835, +19082977316, +19083, and 3 others.html	TypeError: Conversation.__init__() missing 1 required positional argument: 'convo_name'
+19083069896.html	TypeError: Conversation.__init__() missing 1 required positional argument: 'convo_name'
+19083072121.html	TypeError: Conversation.__init__() missing 1 required positional argument: 'convo_name'
+19083076441.html	TypeError: Conversation.__init__() missing 1 required positional argument: 'convo_name'
+19083310559, +19083927673.html	TypeError: Conversation.__init__() missing 1 required positional argument: 'convo_name'
+19083310559, +19085308626, +19086369927, +19085521008, +12014565945.html	TypeError: Conversation.__init__() missing 1 required positional argument: 'convo_name'
+19083310559, +19085308626, +19086369927, +19085521008.html	TypeError: Conversation.__init__() missing 1 required positional argument: 'convo_name'
+19083310559, +19088008225, +19085308507, +19086558539, +19085002370.html	TypeError: Conversation.__init__() missing 1 required positional argument: 'convo_name'
+19083310559.html	TypeError: Conversation.__init__() missing 1 required positional argument: 'convo_name'
+19083316904.html	TypeError: Conversation.__init__() missing 1 required positional argument: 'convo_name'
+19083324481, +19082104570, +19088641540.html	TypeError: Conversation.__init__() missing 1 required positional argument: 'convo_name'
+19083324481.html	TypeError: Conversation.__init__() missing 1 required positional argument: 'convo_name'
+19083324981, +16098744084, +18482702333, +18482295363.html	TypeError: Conversation.__init__() missing 1 required positional argument: 'convo_name'
+19083324981, +18482295363, +17324840581, +17322091113.html	TypeError: Conversation.__init__() missing 1 required positional argument: 'convo_name'
+19083324981, +18482295363, +19083076441.html	TypeError: Conversation.__init__() missing 1 required positional argument: 'convo_name'
+19083324981, +18482295363, +19083739554.html	TypeError: Conversation.__init__() missing 1 required positional argument: 'convo_name'
+19083324981, +18482295363.html	TypeError: Conversation.__init__() missing 1 required positional argument: 'convo_name'
+19083324981, +19083928031, +12014565945, +16098744084.html	TypeError: Conversation.__init__() missing 1 required positional argument: 'convo_name'
+19083324981.html	TypeError: Conversation.__init__() missing 1 required positional argument: 'convo_name'
+19083328810.html	TypeError: Conversation.__init__() missing 1 required positional argument: 'convo_name'
+19083338873.html	TypeError: Conversation.__init__() missing 1 required positional argument: 'convo_name'
+19083405233.html	TypeError: Conversation.__init__() missing 1 required positional argument: 'convo_name'
+19083407531.html	TypeError: Conversation.__init__() missing 1 required positional argument: 'convo_name'
+19083611221, +17323228940, +19088008225, +19087451262, +17328536966, +19083310559, +19085308626, +19085607789, +19089478436, +19088015698, +19088019178, +16093755748.html	TypeError: Conversation.__init__() missing 1 required positional argument: 'convo_name'
+19083611221, +17323228940, +19088008225, +19089529700, +19087451262, +17328536966, +19083310559, +19087458116, +19085308626, +19085607789, +19082104570, +19089, and 3 others.html	TypeError: Conversation.__init__() missing 1 required positional argument: 'convo_name'
+19083616466.html	TypeError: Conversation.__init__() missing 1 required positional argument: 'convo_name'
+19083739554, +17324348606.html	TypeError: Conversation.__init__() missing 1 required positional argument: 'convo_name'
+19083739554.html	TypeError: Conversation.__init__() missing 1 required positional argument: 'convo_name'
+19083811509, +19082954378, +19084212741, +17326193669.html	TypeError: Conversation.__init__() missing 1 required positional argument: 'convo_name'
+19083811509, +19084212741.html	TypeError: Conversation.__init__() missing 1 required positional argument: 'convo_name'
+19083811509, +19085308507, +19082405901, +19083926724, +19084212741, +19086991002, +19085403153.html	TypeError: Conversation.__init__() missing 1 required positional argument: 'convo_name'
+19083811509, +19085308507, +19082405901, +19083926724, +19084212741, +19089663127, +19086991002, +19085403153.html	TypeError: Conversation.__init__() missing 1 required positional argument: 'convo_name'
+19083811509.html	TypeError: Conversation.__init__() missing 1 required positional argument: 'convo_name'
+19083819001, +17322095520, +17329127734.html	TypeError: Conversation.__init__() missing 1 required positional argument: 'convo_name'
+19083819001.html	TypeError: Conversation.__init__() missing 1 required positional argument: 'convo_name'
+19083925624.html	TypeError: Conversation.__init__() missing 1 required positional argument: 'convo_name'
+19083926152.html	TypeError: Conversation.__init__() missing 1 required positional argument: 'convo_name'
+19083926724, +14707080507.html	TypeError: Conversation.__init__() missing 1 required positional argument: 'convo_name'
+19083926724, +14809389595, +13107737925.html	TypeError: Conversation.__init__() missing 1 required positional argument: 'convo_name'
+19083926724, +17326193669.html	TypeError: Conversation.__init__() missing 1 required positional argument: 'convo_name'
+19083926724, +19082405901, +19084212741, +14082182669, +19083925624, +19082022394.html	TypeError: Conversation.__init__() missing 1 required positional argument: 'convo_name'
+19083926724, +19082405901.html	TypeError: Conversation.__init__() missing 1 required positional argument: 'convo_name'
+19083926724, +19084212741, +17322087253.html	TypeError: Conversation.__init__() missing 1 required positional argument: 'convo_name'
+19083926724, +19087687027.html	TypeError: Conversation.__init__() missing 1 required positional argument: 'convo_name'
+19083926724.html	TypeError: Conversation.__init__() missing 1 required positional argument: 'convo_name'
+19083927673.html	TypeError: Conversation.__init__() missing 1 required positional argument: 'convo_name'
+19083928031.html	TypeError: Conversation.__init__() missing 1 required positional argument: 'convo_name'
+19083931063, +17329838783.html	TypeError: Conversation.__init__() missing 1 required positional argument: 'convo_name'
+19083931063.html	TypeError: Conversation.__init__() missing 1 required positional argument: 'convo_name'
+19083975976, +19089380126, +19292696480, +19082951318, +19083059257, +13029830720, +18482340305, +17326090986, +19088014422, +19082405138.html	TypeError: Conversation.__init__() missing 1 required positional argument: 'convo_name'
+19083993650.html	TypeError: Conversation.__init__() missing 1 required positional argument: 'convo_name'
+19084162208, +17323060066.html	TypeError: Conversation.__init__() missing 1 required positional argument: 'convo_name'
+19084162208.html	TypeError: Conversation.__init__() missing 1 required positional argument: 'convo_name'
+19084173896.html	TypeError: Conversation.__init__() missing 1 required positional argument: 'convo_name'
+19084199429.html	TypeError: Conversation.__init__() missing 1 required positional argument: 'convo_name'
+19084208923.html	TypeError: Conversation.__init__() missing 1 required positional argument: 'convo_name'
+19084212741, +19083338733.html	TypeError: Conversation.__init__() missing 1 required positional argument: 'convo_name'
+19084212741, +19086440358, +19089673599, +14082182669, +19082977316, +19086359273.html	TypeError: Conversation.__init__() missing 1 required positional argument: 'convo_name'
+19084212741.html	TypeError: Conversation.__init__() missing 1 required positional argument: 'convo_name'
+19084217527, +19083041678, +19082405901, +18482005683.html	TypeError: Conversation.__init__() missing 1 required positional argument: 'convo_name'
+19084217527.html	TypeError: Conversation.__init__() missing 1 required positional argument: 'convo_name'
+19084217577.html	TypeError: Conversation.__init__() missing 1 required positional argument: 'convo_name'
+19084477212.html	TypeError: Conversation.__init__() missing 1 required positional argument: 'convo_name'
+19084485652.html	TypeError: Conversation.__init__() missing 1 required positional argument: 'convo_name'
+19084489759.html	TypeError: Conversation.__init__() missing 1 required positional argument: 'convo_name'
+19084582262.html	TypeError: Conversation.__init__() missing 1 required positional argument: 'convo_name'
+19084585489.html	TypeError: Conversation.__init__() missing 1 required positional argument: 'convo_name'
+19084729742.html	TypeError: Conversation.__init__() missing 1 required positional argument: 'convo_name'
+19084875054.html	TypeError: Conversation.__init__() missing 1 required positional argument: 'convo_name'
+19084938075.html	TypeError: Conversation.__init__() missing 1 required positional argument: 'convo_name'
+19084939706.html	TypeError: Conversation.__init__() missing 1 required positional argument: 'convo_name'
+19085003009.html	TypeError: Conversation.__init__() missing 1 required positional argument: 'convo_name'
+19085241882, +16098744084.html	TypeError: Conversation.__init__() missing 1 required positional argument: 'convo_name'
+19085241882.html	TypeError: Conversation.__init__() missing 1 required positional argument: 'convo_name'
+19085308507, +17322087253.html	TypeError: Conversation.__init__() missing 1 required positional argument: 'convo_name'
+19085308507, +19083926724, +19084212741.html	TypeError: Conversation.__init__() missing 1 required positional argument: 'convo_name'
+19085308507, +19083926724.html	TypeError: Conversation.__init__() missing 1 required positional argument: 'convo_name'
+19085308507, +19086558539, +19083338873.html	TypeError: Conversation.__init__() missing 1 required positional argument: 'convo_name'
+19085308507, +19086991002, +19083811509, +19083926724, +14707080507.html	TypeError: Conversation.__init__() missing 1 required positional argument: 'convo_name'
+19085308507, +19086991002, +19089663127, +19083811509, +19084212741, +17326193669, +19084163278.html	TypeError: Conversation.__init__() missing 1 required positional argument: 'convo_name'
+19085308507, +19087451817, +19083811509, +19083324481.html	TypeError: Conversation.__init__() missing 1 required positional argument: 'convo_name'
+19085308507.html	TypeError: Conversation.__init__() missing 1 required positional argument: 'convo_name'
+19085308626, +16094393601, +17323016999.html	TypeError: Conversation.__init__() missing 1 required positional argument: 'convo_name'
+19085308626, +16094393601.html	TypeError: Conversation.__init__() missing 1 required positional argument: 'convo_name'
+19085308626, +16098744084, +13129700454.html	TypeError: Conversation.__init__() missing 1 required positional argument: 'convo_name'
+19085308626, +17322089368, +17328537361, +19082408483, +19739860336, +19085308507, +19089663127, +19082954378, +19083041678, +17327184820.html	TypeError: Conversation.__init__() missing 1 required positional argument: 'convo_name'
+19085308626, +17322089368, +19089770881, +17328537361, +19084217527, +19739860336, +19082954378, +19083041678, +17322087253.html	TypeError: Conversation.__init__() missing 1 required positional argument: 'convo_name'
+19085308626, +17322666815, +19083811509, +19083324481.html	TypeError: Conversation.__init__() missing 1 required positional argument: 'convo_name'
+19085308626, +17324840581, +19085607789.html	TypeError: Conversation.__init__() missing 1 required positional argument: 'convo_name'
+19085308626, +17327121681.html	TypeError: Conversation.__init__() missing 1 required positional argument: 'convo_name'
+19085308626, +18482025916.html	TypeError: Conversation.__init__() missing 1 required positional argument: 'convo_name'
+19085308626, +19082408483, +17326752472, +19089389304.html	TypeError: Conversation.__init__() missing 1 required positional argument: 'convo_name'
+19085308626, +19082408483, +19082954378, +19083001942, +19736265031.html	TypeError: Conversation.__init__() missing 1 required positional argument: 'convo_name'
+19085308626, +19082408483, +19086991191, +17326752472, +19089389304, +19085403421.html	TypeError: Conversation.__init__() missing 1 required positional argument: 'convo_name'
+19085308626, +19082408483, +19089389304, +19085003009, +19082954378.html	TypeError: Conversation.__init__() missing 1 required positional argument: 'convo_name'
+19085308626, +19082954378, +19082405901.html	TypeError: Conversation.__init__() missing 1 required positional argument: 'convo_name'
+19085308626, +19082954378, +19083041678, +19082405901, +19084173896, +19083739554, +14082182669, +19083007835, +19087281077, +17326423341, +17328619922.html	TypeError: Conversation.__init__() missing 1 required positional argument: 'convo_name'
+19085308626, +19082954378, +19083041678.html	TypeError: Conversation.__init__() missing 1 required positional argument: 'convo_name'
+19085308626, +19082954378, +19083324481, +17326193669.html	TypeError: Conversation.__init__() missing 1 required positional argument: 'convo_name'
+19085308626, +19083041678, +17322087253, +17323621009, +19082405901.html	TypeError: Conversation.__init__() missing 1 required positional argument: 'convo_name'
+19085308626, +19083041678, +19082405901.html	TypeError: Conversation.__init__() missing 1 required positional argument: 'convo_name'
+19085308626, +19083041678, +19083926724, +19082405901.html	TypeError: Conversation.__init__() missing 1 required positional argument: 'convo_name'
+19085308626, +19083069896, +17322089368, +19089770881, +17328537361, +19084217527, +19082408483, +19082954378, +19085403421, +17326473981, +18482005683, +19086, and 1 others.html	TypeError: Conversation.__init__() missing 1 required positional argument: 'convo_name'
+19085308626, +19083069896, +19082405138.html	TypeError: Conversation.__init__() missing 1 required positional argument: 'convo_name'
+19085308626, +19083069896, +19082408483, +19082954378, +17326193669.html	TypeError: Conversation.__init__() missing 1 required positional argument: 'convo_name'
+19085308626, +19083069896, +19082408483, +19083811509, +17327184820, +19083324481, amaymnaik@gmail.com, +17326193669.html	TypeError: Conversation.__init__() missing 1 required positional argument: 'convo_name'
+19085308626, +19083069896, +19082408483, +19086991191, +17326752472, +19089389304, +17327184820, +19085403421.html	TypeError: Conversation.__init__() missing 1 required positional argument: 'convo_name'
+19085308626, +19083069896, +19082954378, +19083041678, +18482005683.html	TypeError: Conversation.__init__() missing 1 required positional argument: 'convo_name'
+19085308626, +19083069896, +19083926724, +19082405901.html	TypeError: Conversation.__init__() missing 1 required positional argument: 'convo_name'
+19085308626, +19083069896, +19087451262, +19088008225, mohit.srinivasan@icloud.com.html	TypeError: Conversation.__init__() missing 1 required positional argument: 'convo_name'
+19085308626, +19083069896, +19087451262.html	TypeError: Conversation.__init__() missing 1 required positional argument: 'convo_name'
+19085308626, +19083069896, +19087458116, +19082954378, +19083041678.html	TypeError: Conversation.__init__() missing 1 required positional argument: 'convo_name'
+19085308626, +19083069896, +19088003500.html	TypeError: Conversation.__init__() missing 1 required positional argument: 'convo_name'
+19085308626, +19083069896.html	TypeError: Conversation.__init__() missing 1 required positional argument: 'convo_name'
+19085308626, +19083324481.html	TypeError: Conversation.__init__() missing 1 required positional argument: 'convo_name'
+19085308626, +19084217527, +17322087253.html	TypeError: Conversation.__init__() missing 1 required positional argument: 'convo_name'
+19085308626, +19084217527, +19086991002, +19082954378, +19083041678, +19082405901, +17326473981, +18482005683, +17322087253.html	TypeError: Conversation.__init__() missing 1 required positional argument: 'convo_name'
+19085308626, +19084582262.html	TypeError: Conversation.__init__() missing 1 required positional argument: 'convo_name'
+19085308626, +19085241882, +17326090986, +19083829555, +19089929100, +17322849025, +17328959718.html	TypeError: Conversation.__init__() missing 1 required positional argument: 'convo_name'
+19085308626, +19086991002, +19083926724, +19082405901.html	TypeError: Conversation.__init__() missing 1 required positional argument: 'convo_name'
+19085308626, +19087451262, +19083310559, +19088008225, +19085521008.html	TypeError: Conversation.__init__() missing 1 required positional argument: 'convo_name'
+19085308626, +19087458116, +19083041678, +19083926724, +19082405901, +17322087253, +17323621009.html	TypeError: Conversation.__init__() missing 1 required positional argument: 'convo_name'
+19085308626, +19087458116, +19083310559.html	TypeError: Conversation.__init__() missing 1 required positional argument: 'convo_name'
+19085308626, +19087458116, +19084217527, +19082954378, +19083041678, +17327184820, +19082405901, +19083324481, +17322087253, +17326193669, +19088688875, +19088, and 1 others.html	TypeError: Conversation.__init__() missing 1 required positional argument: 'convo_name'
+19085308626, +19087458116, +19085308897.html	TypeError: Conversation.__init__() missing 1 required positional argument: 'convo_name'
+19085308626, +19087458116, +19089770881, +19083041678.html	TypeError: Conversation.__init__() missing 1 required positional argument: 'convo_name'
+19085308626, +19087458116, +19089770881, +19084217527, +19083041678, +19083926724, +19082405901, +19084212741.html	TypeError: Conversation.__init__() missing 1 required positional argument: 'convo_name'
+19085308626, +19087458116, +19739860336.html	TypeError: Conversation.__init__() missing 1 required positional argument: 'convo_name'
+19085308626, +19088013229.html	TypeError: Conversation.__init__() missing 1 required positional argument: 'convo_name'
+19085308626, +19089663127, +19083811509, +19084212741.html	TypeError: Conversation.__init__() missing 1 required positional argument: 'convo_name'
+19085308626, +19089770881, +19084217527, +19083811509, +19083041678, +17327184820, +19083926724, +19082405901, +19084212741.html	TypeError: Conversation.__init__() missing 1 required positional argument: 'convo_name'
+19085308626, +19089770881, +19084217527.html	TypeError: Conversation.__init__() missing 1 required positional argument: 'convo_name'
+19085308626, +19739860336.html	TypeError: Conversation.__init__() missing 1 required positional argument: 'convo_name'
+19085308626.html	TypeError: Conversation.__init__() missing 1 required positional argument: 'convo_name'
+19085308698.html	TypeError: Conversation.__init__() missing 1 required positional argument: 'convo_name'
+19085308771, +19082954378, +19083041678, +19083316904.html	TypeError: Conversation.__init__() missing 1 required positional argument: 'convo_name'
+19085308771, +19082954378, +19083324481, +19715008189.html	TypeError: Conversation.__init__() missing 1 required positional argument: 'convo_name'
+19085308771.html	TypeError: Conversation.__init__() missing 1 required positional argument: 'convo_name'
+19085308897.html	TypeError: Conversation.__init__() missing 1 required positional argument: 'convo_name'
+19085310076, +17328536671.html	TypeError: Conversation.__init__() missing 1 required positional argument: 'convo_name'
+19085310076.html	TypeError: Conversation.__init__() missing 1 required positional argument: 'convo_name'
+19085403153.html	TypeError: Conversation.__init__() missing 1 required positional argument: 'convo_name'
+19085403421.html	TypeError: Conversation.__init__() missing 1 required positional argument: 'convo_name'
+19085485257.html	TypeError: Conversation.__init__() missing 1 required positional argument: 'convo_name'
+19085487511.html	TypeError: Conversation.__init__() missing 1 required positional argument: 'convo_name'
+19085529594.html	TypeError: Conversation.__init__() missing 1 required positional argument: 'convo_name'
+19085529935.html	TypeError: Conversation.__init__() missing 1 required positional argument: 'convo_name'
+19085607789, +19084163278, +19088003733.html	TypeError: Conversation.__init__() missing 1 required positional argument: 'convo_name'
+19085607789, +19086991760, +19084163278, +19088003733.html	TypeError: Conversation.__init__() missing 1 required positional argument: 'convo_name'
+19085607789, +19086991760, +19084163278.html	TypeError: Conversation.__init__() missing 1 required positional argument: 'convo_name'
+19085607789.html	TypeError: Conversation.__init__() missing 1 required positional argument: 'convo_name'
+19085890279.html	TypeError: Conversation.__init__() missing 1 required positional argument: 'convo_name'
+19086087503, +19083338873, +19089005829.html	TypeError: Conversation.__init__() missing 1 required positional argument: 'convo_name'
+19086087503.html	TypeError: Conversation.__init__() missing 1 required positional argument: 'convo_name'
+19086369927, +19083041185, +17322091113, +19082402126.html	TypeError: Conversation.__init__() missing 1 required positional argument: 'convo_name'
+19086369927, +19083069896, +19085308626, +19083993650, +19082279319, +19089527276.html	TypeError: Conversation.__init__() missing 1 required positional argument: 'convo_name'
+19086369927, +19083069896, +19085308626, +19085607789.html	TypeError: Conversation.__init__() missing 1 required positional argument: 'convo_name'
+19086369927.html	TypeError: Conversation.__init__() missing 1 required positional argument: 'convo_name'
+19086448413.html	TypeError: Conversation.__init__() missing 1 required positional argument: 'convo_name'
+19086558539.html	TypeError: Conversation.__init__() missing 1 required positional argument: 'convo_name'
+19086726660.html	TypeError: Conversation.__init__() missing 1 required positional argument: 'convo_name'
+19086767567.html	TypeError: Conversation.__init__() missing 1 required positional argument: 'convo_name'
+19086987159.html	TypeError: Conversation.__init__() missing 1 required positional argument: 'convo_name'
+19086990205.html	TypeError: Conversation.__init__() missing 1 required positional argument: 'convo_name'
+19086990310.html	TypeError: Conversation.__init__() missing 1 required positional argument: 'convo_name'
+19086991002.html	TypeError: Conversation.__init__() missing 1 required positional argument: 'convo_name'
+19086991191.html	TypeError: Conversation.__init__() missing 1 required positional argument: 'convo_name'
+19086991760.html	TypeError: Conversation.__init__() missing 1 required positional argument: 'convo_name'
+19087203828, +18482005683, +17326193669, +19083407918.html	TypeError: Conversation.__init__() missing 1 required positional argument: 'convo_name'
+19087203828.html	TypeError: Conversation.__init__() missing 1 required positional argument: 'convo_name'
+19087451262.html	TypeError: Conversation.__init__() missing 1 required positional argument: 'convo_name'
+19087451817.html	TypeError: Conversation.__init__() missing 1 required positional argument: 'convo_name'
+19087458116, +16093755748, +19086354719.html	TypeError: Conversation.__init__() missing 1 required positional argument: 'convo_name'
+19087458116, +19083041678, +19083338873, +19715008189, +17323060066, +19083007336.html	TypeError: Conversation.__init__() missing 1 required positional argument: 'convo_name'
+19087458116, +19083324481, +19085308059, +19085308698.html	TypeError: Conversation.__init__() missing 1 required positional argument: 'convo_name'
+19087458116, +19083324481.html	TypeError: Conversation.__init__() missing 1 required positional argument: 'convo_name'
+19087458116, +19085308507, +19082954378, +19083041678, +19083324481.html	TypeError: Conversation.__init__() missing 1 required positional argument: 'convo_name'
+19087458116, +19085308626, +19082954378, +17326193669.html	TypeError: Conversation.__init__() missing 1 required positional argument: 'convo_name'
+19087458116, +19086354719.html	TypeError: Conversation.__init__() missing 1 required positional argument: 'convo_name'
+19087458116, +19089386791, +18482565685, +19089526116.html	TypeError: Conversation.__init__() missing 1 required positional argument: 'convo_name'
+19087458116, +19089386791, +19085485257, +18482565685, +19089526116, +18482195262, +19084040418.html	TypeError: Conversation.__init__() missing 1 required positional argument: 'convo_name'
+19087458116, +19089386791, +19085485257, +18482565685, +19089526116.html	TypeError: Conversation.__init__() missing 1 required positional argument: 'convo_name'
+19087458116, +19089386791, +19089526116.html	TypeError: Conversation.__init__() missing 1 required positional argument: 'convo_name'
+19087458116, +19089386791.html	TypeError: Conversation.__init__() missing 1 required positional argument: 'convo_name'
+19087458116, +19739860336, +19086166769.html	TypeError: Conversation.__init__() missing 1 required positional argument: 'convo_name'
+19087458116, lingeshsashi@gmail.com.html	TypeError: Conversation.__init__() missing 1 required positional argument: 'convo_name'
+19087458116.html	TypeError: Conversation.__init__() missing 1 required positional argument: 'convo_name'
+19087687027.html	TypeError: Conversation.__init__() missing 1 required positional argument: 'convo_name'
+19088003500, +19083739554, +18482025916, +19083993650, +19082081636, +19089664315, +17324348606, shaansenthil20@gmail.com.html	TypeError: Conversation.__init__() missing 1 required positional argument: 'convo_name'
+19088003500.html	TypeError: Conversation.__init__() missing 1 required positional argument: 'convo_name'
+19088008225, +17322666815.html	TypeError: Conversation.__init__() missing 1 required positional argument: 'convo_name'
+19088008225, +19083310559, +19087458116, +19085308626, +19086369927, +19085607789, +19088019178.html	TypeError: Conversation.__init__() missing 1 required positional argument: 'convo_name'
+19088008225, +19085308507, +19089663127.html	TypeError: Conversation.__init__() missing 1 required positional argument: 'convo_name'
+19088008225.html	TypeError: Conversation.__init__() missing 1 required positional argument: 'convo_name'
+19088012487.html	TypeError: Conversation.__init__() missing 1 required positional argument: 'convo_name'
+19088012543.html	TypeError: Conversation.__init__() missing 1 required positional argument: 'convo_name'
+19088013229, +12403083430, +15713545259, +15715089158.html	TypeError: Conversation.__init__() missing 1 required positional argument: 'convo_name'
+19088013229, +12403083430.html	TypeError: Conversation.__init__() missing 1 required positional argument: 'convo_name'
+19088013229, +13042122733.html	TypeError: Conversation.__init__() missing 1 required positional argument: 'convo_name'
+19088013229, +15713545259, +15715089158, +12403083430.html	TypeError: Conversation.__init__() missing 1 required positional argument: 'convo_name'
+19088013229, +15713545259, +15715089158.html	TypeError: Conversation.__init__() missing 1 required positional argument: 'convo_name'
+19088013229, +16095294476, +19082747374.html	TypeError: Conversation.__init__() missing 1 required positional argument: 'convo_name'
+19088013229, +19085074009, +19088033511, +19089478251, +19082405144, +19734525306, +19083923189, +19085249481, +14146889665.html	TypeError: Conversation.__init__() missing 1 required positional argument: 'convo_name'
+19088013229, +19085074009.html	TypeError: Conversation.__init__() missing 1 required positional argument: 'convo_name'
+19088013229, +19727571240.html	TypeError: Conversation.__init__() missing 1 required positional argument: 'convo_name'
+19088013229.html	TypeError: Conversation.__init__() missing 1 required positional argument: 'convo_name'
+19088014475.html	TypeError: Conversation.__init__() missing 1 required positional argument: 'convo_name'
+19088019164.html	TypeError: Conversation.__init__() missing 1 required positional argument: 'convo_name'
+19088019178.html	TypeError: Conversation.__init__() missing 1 required positional argument: 'convo_name'
+19088090635.html	TypeError: Conversation.__init__() missing 1 required positional argument: 'convo_name'
+19088092351, +17326193669, +17329832651, +17327133476, +19083997765, +17322093089, +19089527235.html	TypeError: Conversation.__init__() missing 1 required positional argument: 'convo_name'
+19088093146.html	TypeError: Conversation.__init__() missing 1 required positional argument: 'convo_name'
+19088424779, +19088424795, +19088424806, +14129003982.html	TypeError: Conversation.__init__() missing 1 required positional argument: 'convo_name'
+19088424795, 7727, +19088424788, +19088424791, +19088424792, +19088424797, +19088424800, +19088424802, +19088424803, +19088424804, +12143264190.html	TypeError: Conversation.__init__() missing 1 required positional argument: 'convo_name'
+19088427322.html	TypeError: Conversation.__init__() missing 1 required positional argument: 'convo_name'
+19088481150.html	TypeError: Conversation.__init__() missing 1 required positional argument: 'convo_name'
+19088679969.html	TypeError: Conversation.__init__() missing 1 required positional argument: 'convo_name'
+19088722213, +19088726855, +19088398365, +19088732951, +19088424393, +19088395740.html	TypeError: Conversation.__init__() missing 1 required positional argument: 'convo_name'
+19088724656.html	TypeError: Conversation.__init__() missing 1 required positional argument: 'convo_name'
+19088728660.html	TypeError: Conversation.__init__() missing 1 required positional argument: 'convo_name'
+19089005829.html	TypeError: Conversation.__init__() missing 1 required positional argument: 'convo_name'
+19089386597.html	TypeError: Conversation.__init__() missing 1 required positional argument: 'convo_name'
+19089386791, +18482565685, +19089526116, +14253959183.html	TypeError: Conversation.__init__() missing 1 required positional argument: 'convo_name'
+19089386791, +18482565685, +19089526116.html	TypeError: Conversation.__init__() missing 1 required positional argument: 'convo_name'
+19089386791, +19085485257, +18482565685, +19089526116.html	TypeError: Conversation.__init__() missing 1 required positional argument: 'convo_name'
+19089386791, +19089526116.html	TypeError: Conversation.__init__() missing 1 required positional argument: 'convo_name'
+19089386791.html	TypeError: Conversation.__init__() missing 1 required positional argument: 'convo_name'
+19089389304, +19085308507, +19082954378, +19084162208, sreyash.sinha@icloud.com.html	TypeError: Conversation.__init__() missing 1 required positional argument: 'convo_name'
+19089389304, +19085308507, +19085529594, +19083324481, +19085607789, +19084939706.html	TypeError: Conversation.__init__() missing 1 required positional argument: 'convo_name'
+19089389304.html	TypeError: Conversation.__init__() missing 1 required positional argument: 'convo_name'
+19089447373, +17324840581.html	TypeError: Conversation.__init__() missing 1 required positional argument: 'convo_name'
+19089526116.html	TypeError: Conversation.__init__() missing 1 required positional argument: 'convo_name'
+19089527276.html	TypeError: Conversation.__init__() missing 1 required positional argument: 'convo_name'
+19089631438, +19086557422.html	TypeError: Conversation.__init__() missing 1 required positional argument: 'convo_name'
+19089631438.html	TypeError: Conversation.__init__() missing 1 required positional argument: 'convo_name'
+19089663127, +19083324481.html	TypeError: Conversation.__init__() missing 1 required positional argument: 'convo_name'
+19089663127.html	TypeError: Conversation.__init__() missing 1 required positional argument: 'convo_name'
+19089664315.html	TypeError: Conversation.__init__() missing 1 required positional argument: 'convo_name'
+19089770881, +19083925379, +12035706455, +19085497315, +19087281077, +19082519660, +19085890727, +19083921467, +19083009366, +19082103459.html	TypeError: Conversation.__init__() missing 1 required positional argument: 'convo_name'
+19089770881, +19084217527, +17322087253.html	TypeError: Conversation.__init__() missing 1 required positional argument: 'convo_name'
+19089770881, +19084217527, +19085308771, +19088008225, +19083041678, +18482005683, +19086552574.html	TypeError: Conversation.__init__() missing 1 required positional argument: 'convo_name'
+19089770881, +19084217527, +19086381921.html	TypeError: Conversation.__init__() missing 1 required positional argument: 'convo_name'
+19089770881, +19085403421, +19086354719.html	TypeError: Conversation.__init__() missing 1 required positional argument: 'convo_name'
+19089770881, +19085497135, +19083921467, +19082519660, +19083009366, +19085497315, +19085890727, +19083925379, +19087281077, +19082103459, +12035706455.html	TypeError: Conversation.__init__() missing 1 required positional argument: 'convo_name'
+19089770881, +19085497135.html	TypeError: Conversation.__init__() missing 1 required positional argument: 'convo_name'
+19089770881.html	TypeError: Conversation.__init__() missing 1 required positional argument: 'convo_name'
+19146356261.html	TypeError: Conversation.__init__() missing 1 required positional argument: 'convo_name'
+19172506596.html	TypeError: Conversation.__init__() missing 1 required positional argument: 'convo_name'
+19177828732.html	TypeError: Conversation.__init__() missing 1 required positional argument: 'convo_name'
+19179831511.html	TypeError: Conversation.__init__() missing 1 required positional argument: 'convo_name'
+19295520022.html	TypeError: Conversation.__init__() missing 1 required positional argument: 'convo_name'
+19392609383.html	TypeError: Conversation.__init__() missing 1 required positional argument: 'convo_name'
+19413988024.html	TypeError: Conversation.__init__() missing 1 required positional argument: 'convo_name'
+19512645962.html	TypeError: Conversation.__init__() missing 1 required positional argument: 'convo_name'
+19715008189.html	TypeError: Conversation.__init__() missing 1 required positional argument: 'convo_name'
+19727570831.html	TypeError: Conversation.__init__() missing 1 required positional argument: 'convo_name'
+19727571240.html	TypeError: Conversation.__init__() missing 1 required positional argument: 'convo_name'
+19727573531, +19088013229, +19727571240, +13195947885.html	TypeError: Conversation.__init__() missing 1 required positional argument: 'convo_name'
+19727573531.html	TypeError: Conversation.__init__() missing 1 required positional argument: 'convo_name'
+19729218244, +16017309211, +12052493487, +19892171863, +17327733541, +13049238178, +12566109391, +15635050725, +18437303749, 7727, +14696350795.html	TypeError: Conversation.__init__() missing 1 required positional argument: 'convo_name'
+19734050174.html	TypeError: Conversation.__init__() missing 1 required positional argument: 'convo_name'
+19734208718, +18053387556, +19736994882, +12019367441.html	TypeError: Conversation.__init__() missing 1 required positional argument: 'convo_name'
+19734208718, +18053387556, +19736994882.html	TypeError: Conversation.__init__() missing 1 required positional argument: 'convo_name'
+19734208718, +19736994882, +17323313492.html	TypeError: Conversation.__init__() missing 1 required positional argument: 'convo_name'
+19734208718.html	TypeError: Conversation.__init__() missing 1 required positional argument: 'convo_name'
+19736501445.html	TypeError: Conversation.__init__() missing 1 required positional argument: 'convo_name'
+19737219710.html	TypeError: Conversation.__init__() missing 1 required positional argument: 'convo_name'
+19737230071.html	TypeError: Conversation.__init__() missing 1 required positional argument: 'convo_name'
+19739860336, +19082954378, +17327184820, +17326473981, +19084212741, +18482005683, +17322087253, +19083316904, +19084173896, +19086440358, +14082182669, +19083, and 5 others.html	TypeError: Conversation.__init__() missing 1 required positional argument: 'convo_name'
+19739860336.html	TypeError: Conversation.__init__() missing 1 required positional argument: 'convo_name'
+212621666906, +12172001994, +212632462896.html	TypeError: Conversation.__init__() missing 1 required positional argument: 'convo_name'
+212660663412, +14136542260, +14038033337, +212775503430.html	TypeError: Conversation.__init__() missing 1 required positional argument: 'convo_name'
+212693939649.html	TypeError: Conversation.__init__() missing 1 required positional argument: 'convo_name'
+27657309070.html	TypeError: Conversation.__init__() missing 1 required positional argument: 'convo_name'
+447429744354.html	TypeError: Conversation.__init__() missing 1 required positional argument: 'convo_name'
+447455585328, +19145256440, +639605404379.html	TypeError: Conversation.__init__() missing 1 required positional argument: 'convo_name'
+447456323775.html	TypeError: Conversation.__init__() missing 1 required positional argument: 'convo_name'
+447456348216.html	TypeError: Conversation.__init__() missing 1 required positional argument: 'convo_name'
+447460564548.html	TypeError: Conversation.__init__() missing 1 required positional argument: 'convo_name'
+639124664016, +14244560220, +212780829604, +13057850292.html	TypeError: Conversation.__init__() missing 1 required positional argument: 'convo_name'
+639198844578.html	TypeError: Conversation.__init__() missing 1 required positional argument: 'convo_name'
+639382537996.html	TypeError: Conversation.__init__() missing 1 required positional argument: 'convo_name'
+639513709447.html	TypeError: Conversation.__init__() missing 1 required positional argument: 'convo_name'
+639602570588, +19043430959, +639324403831.html	TypeError: Conversation.__init__() missing 1 required positional argument: 'convo_name'
+639613082105.html	TypeError: Conversation.__init__() missing 1 required positional argument: 'convo_name'
+639621200432.html	TypeError: Conversation.__init__() missing 1 required positional argument: 'convo_name'
+639623829551.html	TypeError: Conversation.__init__() missing 1 required positional argument: 'convo_name'
+639633188691.html	TypeError: Conversation.__init__() missing 1 required positional argument: 'convo_name'
+639641098737.html	TypeError: Conversation.__init__() missing 1 required positional argument: 'convo_name'
+639682775320.html	TypeError: Conversation.__init__() missing 1 required positional argument: 'convo_name'
+919321041015.html	TypeError: Conversation.__init__() missing 1 required positional argument: 'convo_name'
104.html	TypeError: Conversation.__init__() missing 1 required positional argument: 'convo_name'
1410100001.html	TypeError: Conversation.__init__() missing 1 required positional argument: 'convo_name'
1410100002.html	TypeError: Conversation.__init__() missing 1 required positional argument: 'convo_name'
1410200500.html	TypeError: Conversation.__init__() missing 1 required positional argument: 'convo_name'
1410200501.html	TypeError: Conversation.__init__() missing 1 required positional argument: 'convo_name'
1410200502.html	TypeError: Conversation.__init__() missing 1 required positional argument: 'convo_name'
17583610811 - 660.html	TypeError: Conversation.__init__() missing 1 required positional argument: 'convo_name'
20702.html	TypeError: Conversation.__init__() missing 1 required positional argument: 'convo_name'
212773100690_jmlxms - 637.html	TypeError: Conversation.__init__() missing 1 required positional argument: 'convo_name'
21727.html	TypeError: Conversation.__init__() missing 1 required positional argument: 'convo_name'
22000.html	TypeError: Conversation.__init__() missing 1 required positional argument: 'convo_name'
22395.html	TypeError: Conversation.__init__() missing 1 required positional argument: 'convo_name'
227637.html	TypeError: Conversation.__init__() missing 1 required positional argument: 'convo_name'
22821.html	TypeError: Conversation.__init__() missing 1 required positional argument: 'convo_name'
23045.html	TypeError: Conversation.__init__() missing 1 required positional argument: 'convo_name'
23108.html	TypeError: Conversation.__init__() missing 1 required positional argument: 'convo_name'
232632.html	TypeError: Conversation.__init__() missing 1 required positional argument: 'convo_name'
236737.html	TypeError: Conversation.__init__() missing 1 required positional argument: 'convo_name'
244444.html	TypeError: Conversation.__init__() missing 1 required positional argument: 'convo_name'
25381.html	TypeError: Conversation.__init__() missing 1 required positional argument: 'convo_name'
25623.html	TypeError: Conversation.__init__() missing 1 required positional argument: 'convo_name'
26266.html	TypeError: Conversation.__init__() missing 1 required positional argument: 'convo_name'
26936.html	TypeError: Conversation.__init__() missing 1 required positional argument: 'convo_name'
272727.html	TypeError: Conversation.__init__() missing 1 required positional argument: 'convo_name'
28816100.html	TypeError: Conversation.__init__() missing 1 required positional argument: 'convo_name'
29283.html	TypeError: Conversation.__init__() missing 1 required positional argument: 'convo_name'
29694.html	TypeError: Conversation.__init__() missing 1 required positional argument: 'convo_name'
2d0784 - 596.html	TypeError: Conversation.__init__() missing 1 required positional argument: 'convo_name'
303 seniors + Sophia - 496.html	TypeError: Conversation.__init__() missing 1 required positional argument: 'convo_name'
303 seniors - 546.html	TypeError: Conversation.__init__() missing 1 required positional argument: 'convo_name'
30300.html	TypeError: Conversation.__init__() missing 1 required positional argument: 'convo_name'
346637.html	TypeError: Conversation.__init__() missing 1 required positional argument: 'convo_name'
35127.html	TypeError: Conversation.__init__() missing 1 required positional argument: 'convo_name'
37473.html	TypeError: Conversation.__init__() missing 1 required positional argument: 'convo_name'
386732.html	TypeError: Conversation.__init__() missing 1 required positional argument: 'convo_name'
3Dylan3 - 543.html	TypeError: Conversation.__init__() missing 1 required positional argument: 'convo_name'
3❤️‍🔥3 - 28.html	TypeError: Conversation.__init__() missing 1 required positional argument: 'convo_name'
41800.html	TypeError: Conversation.__init__() missing 1 required positional argument: 'convo_name'
42353.html	TypeError: Conversation.__init__() missing 1 required positional argument: 'convo_name'
45917.html	TypeError: Conversation.__init__() missing 1 required positional argument: 'convo_name'
4891.html	TypeError: Conversation.__init__() missing 1 required positional argument: 'convo_name'
49514.html	TypeError: Conversation.__init__() missing 1 required positional argument: 'convo_name'
50472.html	TypeError: Conversation.__init__() missing 1 required positional argument: 'convo_name'
51592.html	TypeError: Conversation.__init__() missing 1 required positional argument: 'convo_name'
56058.html	TypeError: Conversation.__init__() missing 1 required positional argument: 'convo_name'
565726 - 639.html	TypeError: Conversation.__init__() missing 1 required positional argument: 'convo_name'
57513.html	TypeError: Conversation.__init__() missing 1 required positional argument: 'convo_name'
64013.html	TypeError: Conversation.__init__() missing 1 required positional argument: 'convo_name'
64912.html	TypeError: Conversation.__init__() missing 1 required positional argument: 'convo_name'
663687.html	TypeError: Conversation.__init__() missing 1 required positional argument: 'convo_name'
68fe7e - 624.html	TypeError: Conversation.__init__() missing 1 required positional argument: 'convo_name'
69042.html	TypeError: Conversation.__init__() missing 1 required positional argument: 'convo_name'
6_7 - Meat finds solace in solitude ✅ - 618.html	TypeError: Conversation.__init__() missing 1 required positional argument: 'convo_name'
6️⃣🇺🇸 - 494.html	TypeError: Conversation.__init__() missing 1 required positional argument: 'convo_name'
70992.html	TypeError: Conversation.__init__() missing 1 required positional argument: 'convo_name'
71373.html	TypeError: Conversation.__init__() missing 1 required positional argument: 'convo_name'
724922.html	TypeError: Conversation.__init__() missing 1 required positional argument: 'convo_name'
725270 - 790.html	TypeError: Conversation.__init__() missing 1 required positional argument: 'convo_name'
72585.html	TypeError: Conversation.__init__() missing 1 required positional argument: 'convo_name'
729725.html	TypeError: Conversation.__init__() missing 1 required positional argument: 'convo_name'
72975.html	TypeError: Conversation.__init__() missing 1 required positional argument: 'convo_name'
75137.html	TypeError: Conversation.__init__() missing 1 required positional argument: 'convo_name'
75243.html	TypeError: Conversation.__init__() missing 1 required positional argument: 'convo_name'
7535.html	TypeError: Conversation.__init__() missing 1 required positional argument: 'convo_name'
76934.html	TypeError: Conversation.__init__() missing 1 required positional argument: 'convo_name'
77029.html	TypeError: Conversation.__init__() missing 1 required positional argument: 'convo_name'
7727, +12538619502, +19788109537, +12679745866, +15096286784, +17328905159, +12678180056, +14136584498, +19013439684, +12159544718, +17474479469.html	TypeError: Conversation.__init__() missing 1 required positional argument: 'convo_name'
7727, +19797320474, +13045622538, +13366661367, +15208690672, +19137752144, +14802411275, +13152401595, +19106409578, +14137171857, +12193439134.html	TypeError: Conversation.__init__() missing 1 required positional argument: 'convo_name'
7727, +19802530307, +12016268236, +16476873818, +17063666249, +14144193669, +15187041310, +15169985041, +12253041818, +12482075738, +13603342313.html	TypeError: Conversation.__init__() missing 1 required positional argument: 'convo_name'
77598.html	TypeError: Conversation.__init__() missing 1 required positional argument: 'convo_name'
77873.html	TypeError: Conversation.__init__() missing 1 required positional argument: 'convo_name'
78008.html	TypeError: Conversation.__init__() missing 1 required positional argument: 'convo_name'
78156.html	TypeError: Conversation.__init__() missing 1 required positional argument: 'convo_name'
787473.html	TypeError: Conversation.__init__() missing 1 required positional argument: 'convo_name'
79737.html	TypeError: Conversation.__init__() missing 1 required positional argument: 'convo_name'
83687.html	TypeError: Conversation.__init__() missing 1 required positional argument: 'convo_name'
83821.html	TypeError: Conversation.__init__() missing 1 required positional argument: 'convo_name'
84c267 - 566.html	TypeError: Conversation.__init__() missing 1 required positional argument: 'convo_name'
85474.html	TypeError: Conversation.__init__() missing 1 required positional argument: 'convo_name'
8618130985125@xhueh.cn.html	TypeError: Conversation.__init__() missing 1 required positional argument: 'convo_name'
87047.html	TypeError: Conversation.__init__() missing 1 required positional argument: 'convo_name'
87329.html	TypeError: Conversation.__init__() missing 1 required positional argument: 'convo_name'
8777376230.html	TypeError: Conversation.__init__() missing 1 required positional argument: 'convo_name'
888222.html	TypeError: Conversation.__init__() missing 1 required positional argument: 'convo_name'
89001.html	TypeError: Conversation.__init__() missing 1 required positional argument: 'convo_name'
94346.html	TypeError: Conversation.__init__() missing 1 required positional argument: 'convo_name'
94960.html	TypeError: Conversation.__init__() missing 1 required positional argument: 'convo_name'
95486.html	TypeError: Conversation.__init__() missing 1 required positional argument: 'convo_name'
96916.html	TypeError: Conversation.__init__() missing 1 required positional argument: 'convo_name'
9_11 2.0 - 207.html	TypeError: Conversation.__init__() missing 1 required positional argument: 'convo_name'
9ff243 - 789.html	TypeError: Conversation.__init__() missing 1 required positional argument: 'convo_name'
AK Calc HW  - 575.html	TypeError: Conversation.__init__() missing 1 required positional argument: 'convo_name'
AP American History ll_ Coach Evans  - 155.html	TypeError: Conversation.__init__() missing 1 required positional argument: 'convo_name'
AP CSA - 133.html	TypeError: Conversation.__init__() missing 1 required positional argument: 'convo_name'
AP Stat Prob - 145.html	TypeError: Conversation.__init__() missing 1 required positional argument: 'convo_name'
APUSH I - 114.html	TypeError: Conversation.__init__() missing 1 required positional argument: 'convo_name'
APUSh - 164.html	TypeError: Conversation.__init__() missing 1 required positional argument: 'convo_name'
Amazon  Refund Issued for an Item in Your Recent Order - 791.html	TypeError: Conversation.__init__() missing 1 required positional argument: 'convo_name'
Analhub - 495.html	TypeError: Conversation.__init__() missing 1 required positional argument: 'convo_name'
Arapaki Gang - 320.html	TypeError: Conversation.__init__() missing 1 required positional argument: 'convo_name'
Audible Smiles Combined - 585.html	TypeError: Conversation.__init__() missing 1 required positional argument: 'convo_name'
Audible Smiles Officers - 610.html	TypeError: Conversation.__init__() missing 1 required positional argument: 'convo_name'
Audible Smiles Officers - 611.html	TypeError: Conversation.__init__() missing 1 required positional argument: 'convo_name'
Audible smiles officers - 793.html	TypeError: Conversation.__init__() missing 1 required positional argument: 'convo_name'
BR Aerospace - 355.html	TypeError: Conversation.__init__() missing 1 required positional argument: 'convo_name'
Besties - 9.html	TypeError: Conversation.__init__() missing 1 required positional argument: 'convo_name'
Biology H V2 - 96.html	TypeError: Conversation.__init__() missing 1 required positional argument: 'convo_name'
Bloom Institute BRHS - 177.html	TypeError: Conversation.__init__() missing 1 required positional argument: 'convo_name'
Boris - 545.html	TypeError: Conversation.__init__() missing 1 required positional argument: 'convo_name'
ByteWise Board - 183.html	TypeError: Conversation.__init__() missing 1 required positional argument: 'convo_name'
CSHS REVAMPED - 171.html	TypeError: Conversation.__init__() missing 1 required positional argument: 'convo_name'
Chamoy Pickle Gobblers - 187.html	TypeError: Conversation.__init__() missing 1 required positional argument: 'convo_name'
Chem without agastya the idiot  - 161.html	TypeError: Conversation.__init__() missing 1 required positional argument: 'convo_name'
ChessFish - 73.html	TypeError: Conversation.__init__() missing 1 required positional argument: 'convo_name'
Children of obama  - 42.html	TypeError: Conversation.__init__() missing 1 required positional argument: 'convo_name'
Chindia - 765.html	TypeError: Conversation.__init__() missing 1 required positional argument: 'convo_name'
Clown Car 🤡  - 569.html	TypeError: Conversation.__init__() missing 1 required positional argument: 'convo_name'
Coaches - 741.html	TypeError: Conversation.__init__() missing 1 required positional argument: 'convo_name'
Connecting With Ananth - 581.html	TypeError: Conversation.__init__() missing 1 required positional argument: 'convo_name'
Corey Fan Club - 86.html	TypeError: Conversation.__init__() missing 1 required positional argument: 'convo_name'
Curry Munchers - 856.html	TypeError: Conversation.__init__() missing 1 required positional argument: 'convo_name'
DECA - 426.html	TypeError: Conversation.__init__() missing 1 required positional argument: 'convo_name'
DECA - 587.html	TypeError: Conversation.__init__() missing 1 required positional argument: 'convo_name'
DECA 24-25 - 358.html	TypeError: Conversation.__init__() missing 1 required positional argument: 'convo_name'
DECA Diggers - 367.html	TypeError: Conversation.__init__() missing 1 required positional argument: 'convo_name'
DECA Officers - 561.html	TypeError: Conversation.__init__() missing 1 required positional argument: 'convo_name'
Da Babes - 17.html	TypeError: Conversation.__init__() missing 1 required positional argument: 'convo_name'
Da Babes - 192.html	TypeError: Conversation.__init__() missing 1 required positional argument: 'convo_name'
Da Babes w_o neel - 296.html	TypeError: Conversation.__init__() missing 1 required positional argument: 'convo_name'
Daily Dadish Dumbasses - 108.html	TypeError: Conversation.__init__() missing 1 required positional argument: 'convo_name'
Ding-Dong Ditchers - 37.html	TypeError: Conversation.__init__() missing 1 required positional argument: 'convo_name'
Diss Off Meet Up - 632.html	TypeError: Conversation.__init__() missing 1 required positional argument: 'convo_name'
Diversity & Inclusion Committee - 158.html	TypeError: Conversation.__init__() missing 1 required positional argument: 'convo_name'
Don Toliver - 669.html	TypeError: Conversation.__init__() missing 1 required positional argument: 'convo_name'
Dorney - 130.html	TypeError: Conversation.__init__() missing 1 required positional argument: 'convo_name'
EV-3 4 - 36.html	TypeError: Conversation.__init__() missing 1 required positional argument: 'convo_name'
EZ - 57.html	TypeError: Conversation.__init__() missing 1 required positional argument: 'convo_name'
Escapist Masters - 138.html	TypeError: Conversation.__init__() missing 1 required positional argument: 'convo_name'
Español - 186.html	TypeError: Conversation.__init__() missing 1 required positional argument: 'convo_name'
Evil func - 899.html	TypeError: Conversation.__init__() missing 1 required positional argument: 'convo_name'
F.R.I.E.N.D.S - 72.html	TypeError: Conversation.__init__() missing 1 required positional argument: 'convo_name'
FFF - 234.html	TypeError: Conversation.__init__() missing 1 required positional argument: 'convo_name'
Family - 5.html	TypeError: Conversation.__init__() missing 1 required positional argument: 'convo_name'
Family - 540.html	TypeError: Conversation.__init__() missing 1 required positional argument: 'convo_name'
Family - 633.html	TypeError: Conversation.__init__() missing 1 required positional argument: 'convo_name'
Family Chat - 181.html	TypeError: Conversation.__init__() missing 1 required positional argument: 'convo_name'
Fortnite Fam - 16.html	TypeError: Conversation.__init__() missing 1 required positional argument: 'convo_name'
Fortnite Family - 166.html	TypeError: Conversation.__init__() missing 1 required positional argument: 'convo_name'
Fundraising - 466.html	TypeError: Conversation.__init__() missing 1 required positional argument: 'convo_name'
Future Overlords - 248.html	TypeError: Conversation.__init__() missing 1 required positional argument: 'convo_name'
Garden State - 420.html	TypeError: Conversation.__init__() missing 1 required positional argument: 'convo_name'
Google - 468.html	TypeError: Conversation.__init__() missing 1 required positional argument: 'convo_name'
Grand Theft Aqua VI 🧃💦🥵 - 691.html	TypeError: Conversation.__init__() missing 1 required positional argument: 'convo_name'
Griffers  - 751.html	TypeError: Conversation.__init__() missing 1 required positional argument: 'convo_name'
Honors Chem”rizz”try with Peter The Rizzler Barra and Babita Auntie Gupta - 63.html	TypeError: Conversation.__init__() missing 1 required positional argument: 'convo_name'
IOS App Development - 105.html	TypeError: Conversation.__init__() missing 1 required positional argument: 'convo_name'
Idiots - 221.html	TypeError: Conversation.__init__() missing 1 required positional argument: 'convo_name'
Jacky Chan and the chud - 723.html	TypeError: Conversation.__init__() missing 1 required positional argument: 'convo_name'
Kelly Precalc - 227.html	TypeError: Conversation.__init__() missing 1 required positional argument: 'convo_name'
Ken Dolls - 56.html	TypeError: Conversation.__init__() missing 1 required positional argument: 'convo_name'
Ken The Ripper - 424.html	TypeError: Conversation.__init__() missing 1 required positional argument: 'convo_name'
LAL - 49.html	TypeError: Conversation.__init__() missing 1 required positional argument: 'convo_name'
Legally blonde - 39.html	TypeError: Conversation.__init__() missing 1 required positional argument: 'convo_name'
ML Class - 353.html	TypeError: Conversation.__init__() missing 1 required positional argument: 'convo_name'
ML Class - 384.html	TypeError: Conversation.__init__() missing 1 required positional argument: 'convo_name'
Manasaa - 29.html	TypeError: Conversation.__init__() missing 1 required positional argument: 'convo_name'
Mech ⚙️ - 368.html	TypeError: Conversation.__init__() missing 1 required positional argument: 'convo_name'
Medicine GC - 124.html	TypeError: Conversation.__init__() missing 1 required positional argument: 'convo_name'
Movement Labs Employees - 270.html	TypeError: Conversation.__init__() missing 1 required positional argument: 'convo_name'
Nats Room - 507.html	TypeError: Conversation.__init__() missing 1 required positional argument: 'convo_name'
Nemesis Robotics - 599.html	TypeError: Conversation.__init__() missing 1 required positional argument: 'convo_name'
New Chopped Island - 868.html	TypeError: Conversation.__init__() missing 1 required positional argument: 'convo_name'
Ninjago Watch Party - 130.html	TypeError: Conversation.__init__() missing 1 required positional argument: 'convo_name'
OG FORT  - 159.html	TypeError: Conversation.__init__() missing 1 required positional argument: 'convo_name'
OMY’s Grad Party  - 875.html	TypeError: Conversation.__init__() missing 1 required positional argument: 'convo_name'
Ohmal Suresh’s Diddy Party (17- only)  - 622.html	TypeError: Conversation.__init__() missing 1 required positional argument: 'convo_name'
Ohmal’s 18th birthday bash (17- only) - 623.html	TypeError: Conversation.__init__() missing 1 required positional argument: 'convo_name'
Old APUSH - 162.html	TypeError: Conversation.__init__() missing 1 required positional argument: 'convo_name'
P.E GC - 100.html	TypeError: Conversation.__init__() missing 1 required positional argument: 'convo_name'
Partiful - 764.html	TypeError: Conversation.__init__() missing 1 required positional argument: 'convo_name'
Period 2 Macro - 334.html	TypeError: Conversation.__init__() missing 1 required positional argument: 'convo_name'
Physics - 457.html	TypeError: Conversation.__init__() missing 1 required positional argument: 'convo_name'
Pickler - 346.html	TypeError: Conversation.__init__() missing 1 required positional argument: 'convo_name'
Poker - 102.html	TypeError: Conversation.__init__() missing 1 required positional argument: 'convo_name'
Pranayama 🥀💔😭 - 552.html	TypeError: Conversation.__init__() missing 1 required positional argument: 'convo_name'
Preluders - 156.html	TypeError: Conversation.__init__() missing 1 required positional argument: 'convo_name'
Pretty Girls of Bloom’burg  - 273.html	TypeError: Conversation.__init__() missing 1 required positional argument: 'convo_name'
Python and AI - 410.html	TypeError: Conversation.__init__() missing 1 required positional argument: 'convo_name'
Quirkville - 490.html	TypeError: Conversation.__init__() missing 1 required positional argument: 'convo_name'
RIP Peter BARRA - 163.html	TypeError: Conversation.__init__() missing 1 required positional argument: 'convo_name'
Romania w_ Romanak  - 590.html	TypeError: Conversation.__init__() missing 1 required positional argument: 'convo_name'
SAT Simians - 361.html	TypeError: Conversation.__init__() missing 1 required positional argument: 'convo_name'
SUMMARIES - 667.html	TypeError: Conversation.__init__() missing 1 required positional argument: 'convo_name'
Scooby Gang - 360.html	TypeError: Conversation.__init__() missing 1 required positional argument: 'convo_name'
Shivani’s Emotional Support GC - 103.html	TypeError: Conversation.__init__() missing 1 required positional argument: 'convo_name'
Six Flags - 716.html	TypeError: Conversation.__init__() missing 1 required positional argument: 'convo_name'
Skit #2 - 807.html	TypeError: Conversation.__init__() missing 1 required positional argument: 'convo_name'
Slate LLC - 175.html	TypeError: Conversation.__init__() missing 1 required positional argument: 'convo_name'
Spanish IV H - 344.html	TypeError: Conversation.__init__() missing 1 required positional argument: 'convo_name'
Spooky - 356.html	TypeError: Conversation.__init__() missing 1 required positional argument: 'convo_name'
Substance Committee - 76.html	TypeError: Conversation.__init__() missing 1 required positional argument: 'convo_name'
Sully - 147.html	TypeError: Conversation.__init__() missing 1 required positional argument: 'convo_name'
Super Sleuths - 180.html	TypeError: Conversation.__init__() missing 1 required positional argument: 'convo_name'
Sussies in Egypt  - 54.html	TypeError: Conversation.__init__() missing 1 required positional argument: 'convo_name'
Tel Aviv 2026 - 682.html	TypeError: Conversation.__init__() missing 1 required positional argument: 'convo_name'
The Ayn Rand Institute - 225.html	TypeError: Conversation.__init__() missing 1 required positional argument: 'convo_name'
The big yahus  - 710.html	TypeError: Conversation.__init__() missing 1 required positional argument: 'convo_name'
The goats - 11.html	TypeError: Conversation.__init__() missing 1 required positional argument: 'convo_name'
The goats - 219.html	TypeError: Conversation.__init__() missing 1 required positional argument: 'convo_name'
Triple Date - 416.html	TypeError: Conversation.__init__() missing 1 required positional argument: 'convo_name'
UPenn Competition  - 116.html	TypeError: Conversation.__init__() missing 1 required positional argument: 'convo_name'
United Airlines - 890.html	TypeError: Conversation.__init__() missing 1 required positional argument: 'convo_name'
United Nations - 70.html	TypeError: Conversation.__init__() missing 1 required positional argument: 'convo_name'
Wakdes Halloween party part 2 - 369.html	TypeError: Conversation.__init__() missing 1 required positional argument: 'convo_name'
William Tennent Robotics - 447.html	TypeError: Conversation.__init__() missing 1 required positional argument: 'convo_name'
a noodle pasta affair  - 533.html	TypeError: Conversation.__init__() missing 1 required positional argument: 'convo_name'
aarav is dumb - 315.html	TypeError: Conversation.__init__() missing 1 required positional argument: 'convo_name'
acadia - 760.html	TypeError: Conversation.__init__() missing 1 required positional argument: 'convo_name'
adi society - 327.html	TypeError: Conversation.__init__() missing 1 required positional argument: 'convo_name'
affirmation - 300.html	TypeError: Conversation.__init__() missing 1 required positional argument: 'convo_name'
ain’t that a hole in a boat - 178.html	TypeError: Conversation.__init__() missing 1 required positional argument: 'convo_name'
alfredazbvg@nanchongyongqianinformationtechnologyco.appleaccount.com.html	TypeError: Conversation.__init__() missing 1 required positional argument: 'convo_name'
amaymnaik@gmail.com.html	TypeError: Conversation.__init__() missing 1 required positional argument: 'convo_name'
ameyav993@gmail.com.html	TypeError: Conversation.__init__() missing 1 required positional argument: 'convo_name'
anshitajaiswal@icloud.com.html	TypeError: Conversation.__init__() missing 1 required positional argument: 'convo_name'
anthonywoodsacxz@outlook.com.html	TypeError: Conversation.__init__() missing 1 required positional argument: 'convo_name'
antis 🐜  - 52.html	TypeError: Conversation.__init__() missing 1 required positional argument: 'convo_name'
ao25www4xe@116d.site.html	TypeError: Conversation.__init__() missing 1 required positional argument: 'convo_name'
apush p4 - 336.html	TypeError: Conversation.__init__() missing 1 required positional argument: 'convo_name'
arya come out  - 538.html	TypeError: Conversation.__init__() missing 1 required positional argument: 'convo_name'
aryav663@gmail.com.html	TypeError: Conversation.__init__() missing 1 required positional argument: 'convo_name'
atl hood gang  - 787.html	TypeError: Conversation.__init__() missing 1 required positional argument: 'convo_name'
back shots - 222.html	TypeError: Conversation.__init__() missing 1 required positional argument: 'convo_name'
beacherbutler2369@gmx.se.html	TypeError: Conversation.__init__() missing 1 required positional argument: 'convo_name'
benjamin wetanyahus - 718.html	TypeError: Conversation.__init__() missing 1 required positional argument: 'convo_name'
bensencade2694@hotmail.com.html	TypeError: Conversation.__init__() missing 1 required positional argument: 'convo_name'
bingle bongle dingle dangle - 59.html	TypeError: Conversation.__init__() missing 1 required positional argument: 'convo_name'
camel - 664.html	TypeError: Conversation.__init__() missing 1 required positional argument: 'convo_name'
camelback 1_30_26 - 663.html	TypeError: Conversation.__init__() missing 1 required positional argument: 'convo_name'
cbujnost2004@mz8wsl.com.html	TypeError: Conversation.__init__() missing 1 required positional argument: 'convo_name'
chatgptmessenger@gmail.com.html	TypeError: Conversation.__init__() missing 1 required positional argument: 'convo_name'
chixiekuang1829@g04zg.hrscera.com.html	TypeError: Conversation.__init__() missing 1 required positional argument: 'convo_name'
christinewinters3138@outlook.com.html	TypeError: Conversation.__init__() missing 1 required positional argument: 'convo_name'
deca room - 688.html	TypeError: Conversation.__init__() missing 1 required positional argument: 'convo_name'
denbraberyesimd@shimmeryz.lat.html	TypeError: Conversation.__init__() missing 1 required positional argument: 'convo_name'
dih f eq  - 679.html	TypeError: Conversation.__init__() missing 1 required positional argument: 'convo_name'
duncan.luoyaz@bet365media.com.html	TypeError: Conversation.__init__() missing 1 required positional argument: 'convo_name'
dwaraka fr - 34.html	TypeError: Conversation.__init__() missing 1 required positional argument: 'convo_name'
elenjfifih196@icloud.com.html	TypeError: Conversation.__init__() missing 1 required positional argument: 'convo_name'
eric.yuan9d@fuscream.org.html	TypeError: Conversation.__init__() missing 1 required positional argument: 'convo_name'
everley.maoga@seekpremium.org.html	TypeError: Conversation.__init__() missing 1 required positional argument: 'convo_name'
freyakabir48770@icloud.com.html	TypeError: Conversation.__init__() missing 1 required positional argument: 'convo_name'
gatekeep apush - 357.html	TypeError: Conversation.__init__() missing 1 required positional argument: 'convo_name'
gatekeep apush - 394.html	TypeError: Conversation.__init__() missing 1 required positional argument: 'convo_name'
gc - 396.html	TypeError: Conversation.__init__() missing 1 required positional argument: 'convo_name'
gorillas on crack - 9.html	TypeError: Conversation.__init__() missing 1 required positional argument: 'convo_name'
gretachiola4669@hotmail.com.html	TypeError: Conversation.__init__() missing 1 required positional argument: 'convo_name'
heads + houses _) - 520.html	TypeError: Conversation.__init__() missing 1 required positional argument: 'convo_name'
horizons - 748.html	TypeError: Conversation.__init__() missing 1 required positional argument: 'convo_name'
hp_169476989668cvn@icloud.com.html	TypeError: Conversation.__init__() missing 1 required positional argument: 'convo_name'
janicehaynes.2211@auctioneer.net.html	TypeError: Conversation.__init__() missing 1 required positional argument: 'convo_name'
jeffbla - 432.html	TypeError: Conversation.__init__() missing 1 required positional argument: 'convo_name'
katherine.gov329@icloud.com.html	TypeError: Conversation.__init__() missing 1 required positional argument: 'convo_name'
keyblur666@gmail.com.html	TypeError: Conversation.__init__() missing 1 required positional argument: 'convo_name'
lake george - 873.html	TypeError: Conversation.__init__() missing 1 required positional argument: 'convo_name'
liam.sergom013@icloud.com.html	TypeError: Conversation.__init__() missing 1 required positional argument: 'convo_name'
library warriors 💪🏾 - 220.html	TypeError: Conversation.__init__() missing 1 required positional argument: 'convo_name'
lingeshsashi@gmail.com.html	TypeError: Conversation.__init__() missing 1 required positional argument: 'convo_name'
linweilu326@gmx.us.html	TypeError: Conversation.__init__() missing 1 required positional argument: 'convo_name'
llrb group - 423.html	TypeError: Conversation.__init__() missing 1 required positional argument: 'convo_name'
mamsave@gmail.com.html	TypeError: Conversation.__init__() missing 1 required positional argument: 'convo_name'
mateoferrara774515@icloud.com.html	TypeError: Conversation.__init__() missing 1 required positional argument: 'convo_name'
mohit.srinivasan@icloud.com.html	TypeError: Conversation.__init__() missing 1 required positional argument: 'convo_name'
nj gang 😎 - 78.html	TypeError: Conversation.__init__() missing 1 required positional argument: 'convo_name'
odyssey - 878.html	TypeError: Conversation.__init__() missing 1 required positional argument: 'convo_name'
old neighbors 😓 - 77.html	TypeError: Conversation.__init__() missing 1 required positional argument: 'convo_name'
olina355671203@icloud.com.html	TypeError: Conversation.__init__() missing 1 required positional argument: 'convo_name'
orphaned.html	TypeError: Conversation.__init__() missing 1 required positional argument: 'convo_name'
otha_green-245784@scotlandmail.com.html	TypeError: Conversation.__init__() missing 1 required positional argument: 'convo_name'
oxbzftgfai@rambler.ru.html	TypeError: Conversation.__init__() missing 1 required positional argument: 'convo_name'
partiful_mxmphj70_agent@rbm.goog.html	TypeError: Conversation.__init__() missing 1 required positional argument: 'convo_name'
pd 6 - 343.html	TypeError: Conversation.__init__() missing 1 required positional argument: 'convo_name'
pelican - 696.html	TypeError: Conversation.__init__() missing 1 required positional argument: 'convo_name'
phebe’s pleebs - 860.html	TypeError: Conversation.__init__() missing 1 required positional argument: 'convo_name'
podcast side quest 📜 - 675.html	TypeError: Conversation.__init__() missing 1 required positional argument: 'convo_name'
poop party - 901.html	TypeError: Conversation.__init__() missing 1 required positional argument: 'convo_name'
powerpuff girls - 281.html	TypeError: Conversation.__init__() missing 1 required positional argument: 'convo_name'
prob stats 🔥😈💪 - 152.html	TypeError: Conversation.__init__() missing 1 required positional argument: 'convo_name'
psych brain project  - 609.html	TypeError: Conversation.__init__() missing 1 required positional argument: 'convo_name'
qjgsfcees3980540@5yei0m.top.html	TypeError: Conversation.__init__() missing 1 required positional argument: 'convo_name'
r9hvjdec3q@hotmail.com.html	TypeError: Conversation.__init__() missing 1 required positional argument: 'convo_name'
radinka.ikkert@enigma-online.de.html	TypeError: Conversation.__init__() missing 1 required positional argument: 'convo_name'
re.allowsourmembers-toaccess-willcontinue.ynwodjrgay0689-120yozr@mngcimbbkn02.org.html	TypeError: Conversation.__init__() missing 1 required positional argument: 'convo_name'
rezkdadafm9434@icloud.com.html	TypeError: Conversation.__init__() missing 1 required positional argument: 'convo_name'
romit.gurao@icloud.com.html	TypeError: Conversation.__init__() missing 1 required positional argument: 'convo_name'
royolsen4214@gmail.com.html	TypeError: Conversation.__init__() missing 1 required positional argument: 'convo_name'
schoolsafealert@gmail.com.html	TypeError: Conversation.__init__() missing 1 required positional argument: 'convo_name'
shang physics - 560.html	TypeError: Conversation.__init__() missing 1 required positional argument: 'convo_name'
sharaf_91@icloud.com.html	TypeError: Conversation.__init__() missing 1 required positional argument: 'convo_name'
shivanichethli@gmail.com, +19083931063, +19082404264.html	TypeError: Conversation.__init__() missing 1 required positional argument: 'convo_name'
shivanichethli@gmail.com.html	TypeError: Conversation.__init__() missing 1 required positional argument: 'convo_name'
sleepover - 889.html	TypeError: Conversation.__init__() missing 1 required positional argument: 'convo_name'
sreyash.sinha@icloud.com.html	TypeError: Conversation.__init__() missing 1 required positional argument: 'convo_name'
support.22166841944@cron.wzlfq.com.html	TypeError: Conversation.__init__() missing 1 required positional argument: 'convo_name'
thank you crystal - 784.html	TypeError: Conversation.__init__() missing 1 required positional argument: 'convo_name'
tinabaw77@yahoo.com.html	TypeError: Conversation.__init__() missing 1 required positional argument: 'convo_name'
ulrikaumekominardi@altonaforest.appleid.com.html	TypeError: Conversation.__init__() missing 1 required positional argument: 'convo_name'
veqh56632@socialworker.net.html	TypeError: Conversation.__init__() missing 1 required positional argument: 'convo_name'
victorcdgm@dragonflypictures.appleaccount.com.html	TypeError: Conversation.__init__() missing 1 required positional argument: 'convo_name'
vxaigfifss42730416@mgnahm.cn.html	TypeError: Conversation.__init__() missing 1 required positional argument: 'convo_name'
waldan.robiulhossain7022@zen53-web.de.html	TypeError: Conversation.__init__() missing 1 required positional argument: 'convo_name'
weatheroverviewtexts@gmail.com.html	TypeError: Conversation.__init__() missing 1 required positional argument: 'convo_name'
weillferra3a@hotmail.com.html	TypeError: Conversation.__init__() missing 1 required positional argument: 'convo_name'
white folk - 699.html	TypeError: Conversation.__init__() missing 1 required positional argument: 'convo_name'
white folk - 888.html	TypeError: Conversation.__init__() missing 1 required positional argument: 'convo_name'
yettagraham998@gmx.ca.html	TypeError: Conversation.__init__() missing 1 required positional argument: 'convo_name'
zoycdzp051203@jftx18.top.html	TypeError: Conversation.__init__() missing 1 required positional argument: 'convo_name'
🐢 - 684.html	TypeError: Conversation.__init__() missing 1 required positional argument: 'convo_name'
